1980,1981,1982,1983,1984,1985,1986,1987,1988,1989,1990,1991,1992,1993,1994,1995,1996,1997,1998,1999,2000,2001,2002,2003,2004,2005,2006,2007,2008,2009,2010,2011,2012,2013,2014,2015,2016,2017,2018,2019,2020,2021,2022,shortname,region,country
0.5419,0.5419,0.5419,0.5419,0.5419,0.5419,0.5419,0.5419,0.5419,0.5419,0.5419,0.5419,0.5419,0.5419,0.5419,0.5419,0.5419,0.5419,0.5419,0.5428,0.5438,0.5449,0.5461,0.5475,0.549,0.5508,0.5529,0.5554,0.5584,0.5619,0.5416,0.5219,0.5026,0.4838,0.4858,0.4837,0.4817,0.4797,0.4778,0.4778,0.4778,0.4778,0.4778,United Arab Emirates,Asia,AE
0.4194,0.4194,0.4194,0.4194,0.4194,0.4194,0.4194,0.4194,0.4194,0.4194,0.4194,0.4194,0.4194,0.4194,0.4194,0.4194,0.4194,0.4194,0.4194,0.4194,0.4194,0.4194,0.4194,0.4194,0.4194,0.4194,0.4194,0.4194,0.4194,0.4081,0.4044,0.3942,0.3876,0.3923,0.3961,0.3987,0.4041,0.4101,0.4101,0.4101,0.4101,0.4194,0.4194,Afghanistan,Asia,AF
0.3257,0.3257,0.3257,0.3257,0.3257,0.3257,0.3257,0.3257,0.3257,0.3257,0.3257,0.3257,0.3257,0.3257,0.3257,0.3257,0.3257,0.3298,0.3317,0.3319,0.3295,0.3327,0.3364,0.3373,0.3338,0.317,0.3161,0.3114,0.3181,0.3178,0.3184,0.2917,0.3216,0.3185,0.3238,0.3282,0.3392,0.3354,0.3289,0.3206,0.3168,0.3204,0.3214,Albania,Europe,AL
0.4677,0.4677,0.4677,0.4677,0.4677,0.4677,0.4677,0.4677,0.4677,0.4677,0.4677,0.4677,0.4677,0.4677,0.4677,0.4677,0.4677,0.4587,0.4485,0.4417,0.4309,0.4231,0.4291,0.4255,0.4567,0.45,0.3777,0.3841,0.3696,0.3637,0.3912,0.3729,0.377,0.3799,0.3916,0.4056,0.3983,0.435,0.4374,0.396,0.396,0.4677,0.4677,Armenia,Asia,AM
0.5803,0.5803,0.5803,0.5803,0.5803,0.5803,0.5803,0.5803,0.5803,0.5803,0.5803,0.5803,0.5803,0.5803,0.5803,0.5803,0.5803,0.5803,0.5803,0.5803,0.5803,0.5695,0.5587,0.5478,0.5369,0.526,0.5151,0.5041,0.4932,0.5019,0.5106,0.5193,0.528,0.5367,0.5454,0.5541,0.5628,0.5714,0.5801,0.5801,0.5801,0.5801,0.5801,Angola,Africa,AO
0.4958,0.4958,0.4958,0.4958,0.4958,0.4958,0.4958,0.4958,0.4958,0.4958,0.4958,0.4958,0.4958,0.4958,0.4958,0.4958,0.4958,0.4958,0.4958,0.4958,0.4958,0.5098,0.5198,0.4846,0.4664,0.45,0.4381,0.4576,0.4592,0.427,0.4398,0.4244,0.3937,0.4039,0.4052,0.4297,0.4563,0.4312,0.4356,0.4639,0.4621,0.4391,0.4391,Argentina,Americas,AR
0.3425,0.3417,0.3409,0.3408,0.3402,0.3406,0.3405,0.3423,0.3412,0.3409,0.3404,0.3403,0.3388,0.3402,0.3392,0.3379,0.3392,0.3436,0.3488,0.3356,0.3491,0.3425,0.3483,0.3614,0.3414,0.3549,0.3748,0.353,0.3553,0.3424,0.3472,0.3386,0.3189,0.3212,0.3408,0.3331,0.3417,0.3338,0.333,0.3288,0.3514,0.3415,0.3419,Austria,Europe,AT
0.2485,0.2479,0.2509,0.2483,0.253,0.2552,0.2629,0.2787,0.2948,0.2753,0.269,0.2959,0.2926,0.2988,0.3034,0.3087,0.3094,0.3034,0.3107,0.3115,0.3189,0.3171,0.3264,0.3261,0.3329,0.3369,0.3383,0.3414,0.3431,0.3512,0.3487,0.3515,0.3508,0.3482,0.3486,0.3448,0.3374,0.3436,0.3376,0.3291,0.3291,0.3291,0.3291,Australia,Oceania,AU
0.4287,0.4287,0.4287,0.4287,0.4287,0.4287,0.4287,0.4287,0.4287,0.4287,0.4287,0.4287,0.4287,0.4287,0.4287,0.4287,0.4343,0.4377,0.4359,0.4394,0.4365,0.4363,0.3805,0.3745,0.3834,0.3916,0.4293,0.4382,0.3887,0.3858,0.38,0.385,0.3908,0.3865,0.3865,0.3814,0.3737,0.3822,0.3822,0.3822,0.3822,0.4287,0.4287,Azerbaijan,Asia,AZ
0.2793,0.2793,0.2793,0.2792,0.2892,0.2831,0.2794,0.288,0.3005,0.2754,0.2736,0.2808,0.2878,0.2951,0.3025,0.3106,0.3134,0.3168,0.3225,0.3207,0.3218,0.3259,0.3328,0.3403,0.3431,0.3417,0.3396,0.3386,0.3455,0.3437,0.3449,0.348,0.3464,0.346,0.3458,0.3469,0.3464,0.3488,0.347,0.3438,0.3422,0.3425,0.3425,Bosnia and Herzegovina,Europe,BA
0.3652,0.3652,0.3652,0.3652,0.3774,0.3891,0.3947,0.4001,0.4054,0.3986,0.3919,0.3854,0.4032,0.4196,0.4348,0.4488,0.4477,0.4468,0.4455,0.4455,0.4449,0.4459,0.4487,0.4522,0.4532,0.4548,0.4513,0.4488,0.4407,0.4362,0.4363,0.4329,0.4316,0.4302,0.428,0.4248,0.4239,0.424,0.424,0.424,0.424,0.3652,0.3652,Bangladesh,Asia,BD
0.3166,0.3149,0.308,0.3054,0.3041,0.312,0.3223,0.3258,0.3337,0.3373,0.3285,0.3238,0.3201,0.321,0.3297,0.3247,0.3275,0.3285,0.326,0.3274,0.326,0.3218,0.3157,0.3154,0.3221,0.317,0.3225,0.3312,0.321,0.3113,0.3136,0.3105,0.313,0.3161,0.318,0.3181,0.3211,0.3177,0.3274,0.3332,0.3194,0.2961,0.2954,Belgium,Europe,BE
0.5795,0.5795,0.5795,0.5795,0.5795,0.5795,0.5795,0.5795,0.5795,0.5795,0.5795,0.5795,0.5795,0.5795,0.5795,0.5897,0.5999,0.6101,0.6203,0.5989,0.5776,0.5562,0.5348,0.5134,0.5112,0.509,0.5068,0.5045,0.5023,0.5001,0.4946,0.4891,0.4836,0.4781,0.4726,0.4916,0.5106,0.5295,0.5484,0.5484,0.5484,0.5484,0.5484,Burkina Faso,Africa,BF
0.2138,0.2163,0.2466,0.2439,0.2389,0.2237,0.2093,0.1812,0.1752,0.2275,0.2556,0.2913,0.3256,0.3363,0.3895,0.4052,0.3887,0.3801,0.3612,0.361,0.3502,0.3622,0.3759,0.3647,0.3579,0.3611,0.3563,0.3431,0.3353,0.3546,0.353,0.3555,0.3753,0.3605,0.3795,0.3908,0.4323,0.4495,0.4494,0.4267,0.4394,0.4421,0.4418,Bulgaria,Europe,BG
0.5429,0.5429,0.5429,0.5429,0.5429,0.5429,0.5429,0.5429,0.5429,0.5429,0.5429,0.5429,0.5429,0.5429,0.5429,0.5429,0.5414,0.5398,0.5383,0.5368,0.5352,0.5336,0.532,0.5304,0.5288,0.5271,0.5299,0.5326,0.5355,0.5384,0.5414,0.5444,0.5475,0.5507,0.5539,0.5572,0.5572,0.5572,0.5572,0.5572,0.5572,0.5572,0.5572,Bahrain,Asia,BH
0.4291,0.4291,0.4291,0.4291,0.4291,0.4291,0.4291,0.4291,0.4291,0.4291,0.4291,0.4291,0.4291,0.4417,0.4543,0.4668,0.4793,0.4918,0.5042,0.4977,0.4911,0.4846,0.478,0.4714,0.4648,0.4581,0.4514,0.4561,0.4608,0.4654,0.47,0.4746,0.4793,0.4839,0.4839,0.4839,0.4839,0.4839,0.4839,0.4839,0.4839,0.4839,0.4839,Burundi,Africa,BI
0.4883,0.4883,0.4883,0.4883,0.4883,0.4883,0.4883,0.4883,0.4883,0.4883,0.4883,0.4883,0.4883,0.4883,0.4883,0.4883,0.4883,0.4883,0.4883,0.4883,0.4883,0.4883,0.4883,0.4883,0.4921,0.496,0.4998,0.5037,0.5075,0.5114,0.5152,0.519,0.5262,0.5334,0.5405,0.5475,0.5217,0.4957,0.4694,0.4694,0.4694,0.4694,0.4694,Benin,Africa,BJ
0.364,0.364,0.364,0.364,0.364,0.364,0.364,0.364,0.364,0.364,0.364,0.364,0.364,0.364,0.364,0.364,0.364,0.364,0.364,0.364,0.364,0.364,0.364,0.364,0.364,0.364,0.3606,0.3589,0.3574,0.3588,0.3574,0.3542,0.3544,0.3572,0.362,0.3645,0.368,0.3674,0.3664,0.3664,0.3664,0.364,0.364,Brunei Darussalam,Asia,BN
0.5496,0.5496,0.5496,0.5496,0.5496,0.5496,0.5496,0.5496,0.5496,0.5496,0.5496,0.5496,0.5496,0.5496,0.5496,0.5496,0.5496,0.5496,0.5496,0.5496,0.5496,0.56,0.56,0.5617,0.5563,0.555,0.5525,0.5626,0.5593,0.5468,0.5459,0.5405,0.5316,0.5379,0.5298,0.5311,0.5337,0.5323,0.5323,0.5244,0.5385,0.5241,0.5241,Bolivia,Americas,BO
0.581,0.581,0.581,0.581,0.581,0.581,0.581,0.581,0.581,0.581,0.581,0.581,0.581,0.581,0.581,0.581,0.581,0.581,0.581,0.581,0.581,0.581,0.5929,0.5884,0.5777,0.5986,0.6017,0.5859,0.5904,0.5866,0.5945,0.6022,0.5936,0.5836,0.5867,0.5986,0.5892,0.5839,0.5805,0.5707,0.5903,0.5678,0.5678,Brazil,Americas,BR
0.5496,0.5496,0.5496,0.5496,0.5496,0.5496,0.5496,0.5496,0.5496,0.5496,0.5496,0.5496,0.5496,0.5496,0.5496,0.5496,0.5496,0.5496,0.5496,0.5496,0.5496,0.56,0.56,0.5617,0.5563,0.555,0.5525,0.5626,0.5593,0.5468,0.5459,0.5405,0.5316,0.5379,0.5298,0.5311,0.5337,0.5323,0.5323,0.5244,0.5385,0.5241,0.5241,Bahamas,Americas,BS
0.4919,0.4919,0.4919,0.4919,0.4919,0.4919,0.4919,0.4919,0.4919,0.4919,0.4919,0.4919,0.4919,0.4919,0.4919,0.4919,0.4919,0.4919,0.4919,0.4919,0.4919,0.4919,0.4919,0.4919,0.4786,0.4674,0.4584,0.4512,0.4517,0.4548,0.461,0.462,0.4641,0.4551,0.4458,0.4359,0.4282,0.4214,0.4214,0.4214,0.4214,0.4919,0.4919,Bhutan,Asia,BT
0.607,0.607,0.607,0.607,0.607,0.607,0.6179,0.6287,0.6396,0.6504,0.6613,0.6721,0.6829,0.6938,0.694,0.6942,0.6944,0.6947,0.6949,0.6951,0.6953,0.6956,0.6958,0.6926,0.6893,0.6861,0.6829,0.6797,0.6765,0.6733,0.6598,0.6464,0.633,0.6196,0.6061,0.5926,0.5926,0.5926,0.5926,0.5926,0.5926,0.5926,0.5926,Botswana,Africa,BW
0.2992,0.2992,0.2992,0.2992,0.2992,0.2992,0.2992,0.2992,0.2992,0.2992,0.2992,0.2992,0.2992,0.2992,0.3355,0.3462,0.3559,0.3756,0.3781,0.369,0.3693,0.3613,0.3613,0.3458,0.3351,0.3368,0.3385,0.3614,0.3541,0.3504,0.3447,0.3648,0.3506,0.3286,0.3389,0.3211,0.3256,0.3299,0.3293,0.3277,0.3277,0.2992,0.2992,Belarus,Asia,BY
0.5496,0.5496,0.5496,0.5496,0.5496,0.5496,0.5496,0.5496,0.5496,0.5496,0.5496,0.5496,0.5496,0.5496,0.5496,0.5496,0.5496,0.5496,0.5496,0.5496,0.5496,0.56,0.56,0.5617,0.5563,0.555,0.5525,0.5626,0.5593,0.5468,0.5459,0.5405,0.5316,0.5379,0.5298,0.5311,0.5337,0.5323,0.5323,0.5244,0.5385,0.5241,0.5241,Belize,Americas,BZ
0.3003,0.2891,0.2848,0.2886,0.2907,0.2919,0.2965,0.299,0.3071,0.3144,0.3161,0.318,0.3183,0.3251,0.3268,0.3317,0.3383,0.3464,0.3486,0.3537,0.3648,0.365,0.366,0.3695,0.3756,0.3807,0.3838,0.3838,0.3758,0.3588,0.3652,0.3647,0.3582,0.3587,0.3565,0.3539,0.3413,0.3481,0.346,0.3438,0.3518,0.3518,0.3518,Canada,Americas,CA
0.4933,0.4933,0.4933,0.4933,0.4933,0.4933,0.4933,0.4933,0.4933,0.4933,0.4933,0.4933,0.4933,0.4933,0.4933,0.4933,0.4933,0.4933,0.4933,0.4933,0.4933,0.4933,0.4933,0.4933,0.4933,0.4927,0.4921,0.4915,0.4908,0.4902,0.4896,0.489,0.4884,0.4884,0.4884,0.4884,0.4884,0.4884,0.4884,0.4884,0.4884,0.4884,0.4884,DR Congo,Africa,CD
0.6511,0.6511,0.6511,0.6511,0.6511,0.6511,0.6511,0.6511,0.6511,0.6511,0.6511,0.6511,0.6511,0.651,0.6508,0.6507,0.6506,0.6505,0.6503,0.6502,0.6501,0.65,0.6498,0.6497,0.6496,0.6495,0.6493,0.6492,0.6491,0.6491,0.6491,0.6491,0.6491,0.6491,0.6491,0.6491,0.6491,0.6491,0.6491,0.6491,0.6491,0.6491,0.6491,Central African Republic,Africa,CF
0.5453,0.5453,0.5453,0.5453,0.5453,0.5453,0.5453,0.5453,0.5453,0.5453,0.5453,0.5453,0.5453,0.5453,0.5453,0.5453,0.5453,0.5453,0.5453,0.5453,0.5453,0.5453,0.5453,0.5453,0.5453,0.5453,0.5477,0.55,0.5523,0.5546,0.557,0.5593,0.5593,0.5593,0.5593,0.5593,0.5593,0.5593,0.5593,0.5593,0.5593,0.5593,0.5593,Congo,Africa,CG
0.3148,0.3147,0.317,0.3203,0.3209,0.3225,0.323,0.3223,0.3182,0.3144,0.3163,0.3093,0.2985,0.3003,0.3048,0.3025,0.3173,0.3206,0.326,0.3205,0.3244,0.3146,0.3042,0.3225,0.3283,0.3393,0.3438,0.3284,0.3104,0.3086,0.3309,0.3329,0.3215,0.3234,0.3205,0.3182,0.3167,0.314,0.3072,0.3126,0.3119,0.3166,0.3164,Switzerland,Europe,CH
0.5466,0.5466,0.5466,0.5466,0.5466,0.5466,0.5466,0.5466,0.5466,0.531,0.5145,0.4969,0.4782,0.4583,0.4667,0.4745,0.4818,0.4886,0.495,0.5051,0.516,0.5276,0.5401,0.534,0.5279,0.5217,0.5155,0.5093,0.5031,0.4999,0.4969,0.4941,0.4914,0.4889,0.4865,0.4865,0.4865,0.4865,0.4865,0.4865,0.4865,0.5466,0.5466,Cote d'Ivoire,Africa,CI
0.6248,0.6248,0.6248,0.6248,0.6248,0.6248,0.6248,0.6248,0.6248,0.6248,0.6248,0.6248,0.6248,0.6248,0.6248,0.6248,0.6248,0.6248,0.6248,0.6248,0.6248,0.6188,0.6128,0.6068,0.6204,0.6335,0.646,0.645,0.644,0.6429,0.657,0.6708,0.6593,0.6477,0.6459,0.6442,0.6402,0.6361,0.6208,0.6053,0.5895,0.5895,0.5895,Chile,Americas,CL
0.5431,0.5431,0.5431,0.5431,0.5431,0.5431,0.5431,0.5431,0.5431,0.5431,0.5431,0.5431,0.5431,0.5431,0.5431,0.5431,0.5431,0.538,0.533,0.5279,0.5229,0.5178,0.5154,0.513,0.5105,0.5081,0.5057,0.5033,0.5057,0.5082,0.5107,0.5131,0.5156,0.518,0.5205,0.5205,0.5205,0.5205,0.5205,0.5205,0.5205,0.5205,0.5205,Cameroon,Africa,CM
0.2789,0.2831,0.2871,0.288,0.2928,0.3014,0.3039,0.3022,0.3056,0.3111,0.3085,0.3151,0.3271,0.3391,0.3433,0.339,0.339,0.3391,0.3425,0.3479,0.3587,0.3662,0.3968,0.4051,0.4121,0.4216,0.4237,0.4269,0.4269,0.4263,0.4283,0.4311,0.4169,0.4235,0.4155,0.4166,0.418,0.4283,0.4253,0.4236,0.432,0.4335,0.4335,China,Asia,CN
0.6078,0.6078,0.6078,0.6078,0.6078,0.6078,0.6078,0.6078,0.6078,0.6078,0.6078,0.6078,0.6078,0.6078,0.6078,0.6078,0.6078,0.6078,0.6078,0.6078,0.6078,0.6078,0.6078,0.6058,0.6257,0.616,0.6105,0.6051,0.5997,0.5981,0.5899,0.6017,0.5787,0.5681,0.5596,0.5615,0.5621,0.5845,0.5871,0.5904,0.6061,0.6062,0.6062,Colombia,Americas,CO
0.5334,0.5334,0.5334,0.5334,0.5334,0.5334,0.5334,0.5334,0.5334,0.5334,0.5334,0.5334,0.5334,0.5334,0.5334,0.5334,0.5334,0.5334,0.5334,0.5334,0.5334,0.5334,0.5334,0.5334,0.5334,0.5334,0.5334,0.5334,0.5334,0.5334,0.5334,0.5334,0.5387,0.5429,0.5378,0.5446,0.5506,0.5398,0.5425,0.5528,0.575,0.575,0.575,Costa Rica,Americas,CR
0.5101,0.5101,0.5101,0.5101,0.5101,0.5101,0.5101,0.5101,0.5101,0.5101,0.5101,0.5101,0.5101,0.5101,0.5101,0.5101,0.5101,0.5101,0.5101,0.5101,0.5101,0.5191,0.518,0.5113,0.4986,0.4834,0.474,0.4995,0.4905,0.4629,0.4688,0.4386,0.4241,0.4302,0.4243,0.4287,0.4311,0.4342,0.434,0.4387,0.4605,0.4529,0.4529,Cuba,Americas,CU
0.6086,0.6086,0.6086,0.6086,0.6086,0.6086,0.6086,0.6086,0.6086,0.6086,0.6086,0.6086,0.6086,0.6086,0.6086,0.6086,0.6086,0.6086,0.6086,0.6086,0.6086,0.6086,0.599,0.5893,0.5796,0.5699,0.5602,0.5506,0.5431,0.5356,0.5282,0.5207,0.5132,0.5058,0.4983,0.4908,0.4908,0.4908,0.4908,0.4908,0.4908,0.4908,0.4908,Cabo Verde,Africa,CV
0.3717,0.3717,0.3717,0.3717,0.3717,0.3717,0.3717,0.3717,0.3717,0.3717,0.3717,0.3686,0.3654,0.3643,0.3643,0.3639,0.3558,0.3451,0.3997,0.3572,0.3451,0.3559,0.3766,0.3616,0.3058,0.2992,0.3128,0.2963,0.3386,0.3417,0.3325,0.3704,0.3734,0.4163,0.3705,0.3711,0.357,0.3492,0.3689,0.3348,0.3337,0.3346,0.3345,Cyprus,Europe,CY
0.1837,0.1829,0.1836,0.1833,0.1826,0.182,0.1837,0.1857,0.1872,0.1899,0.2017,0.2264,0.2612,0.2824,0.2903,0.2888,0.2974,0.2864,0.304,0.2969,0.2983,0.2959,0.2916,0.294,0.2836,0.2943,0.3046,0.3175,0.2843,0.2887,0.2922,0.2681,0.2731,0.2693,0.2694,0.2996,0.2887,0.2864,0.2799,0.2814,0.2836,0.2974,0.2966,Czech Republic,Europe,CZ
0.3019,0.2975,0.2963,0.3005,0.3012,0.303,0.3095,0.3196,0.3336,0.3436,0.3437,0.3318,0.3256,0.3185,0.3149,0.314,0.3235,0.3314,0.3375,0.3378,0.339,0.3406,0.3419,0.3339,0.3402,0.3527,0.3524,0.3693,0.3675,0.3701,0.3718,0.3682,0.3674,0.3802,0.3849,0.3839,0.3834,0.3806,0.3762,0.4023,0.4002,0.3444,0.3404,Germany,Europe,DE
0.4789,0.4789,0.4789,0.4789,0.4789,0.4789,0.4789,0.4789,0.4789,0.4789,0.4789,0.4789,0.4789,0.4789,0.4789,0.4789,0.4789,0.4789,0.4789,0.4789,0.4789,0.4789,0.4789,0.4827,0.4865,0.4903,0.4941,0.4979,0.5017,0.5054,0.5092,0.513,0.5167,0.5146,0.5098,0.5051,0.5003,0.4955,0.4955,0.4955,0.4955,0.4955,0.4955,Djibouti,Africa,DJ
0.2428,0.2391,0.2403,0.2547,0.2629,0.2692,0.2582,0.258,0.2546,0.2562,0.2582,0.2588,0.2596,0.258,0.2675,0.2687,0.2721,0.2851,0.2813,0.2962,0.2996,0.2808,0.2748,0.2646,0.2756,0.3048,0.3051,0.3006,0.2961,0.285,0.3143,0.3151,0.316,0.3267,0.334,0.3292,0.3322,0.3323,0.3322,0.3225,0.3306,0.3794,0.4057,Denmark,Europe,DK
0.5469,0.5469,0.5469,0.5469,0.5469,0.5469,0.5469,0.5469,0.5469,0.5469,0.5469,0.5469,0.5469,0.5469,0.5469,0.5469,0.5469,0.5469,0.5469,0.5469,0.5469,0.5469,0.5469,0.5469,0.5469,0.5469,0.5469,0.5469,0.5469,0.5469,0.5469,0.5469,0.5469,0.5663,0.5388,0.5483,0.5578,0.5289,0.5519,0.5228,0.4757,0.4777,0.4777,Dominican Republic,Americas,DO
0.5109,0.5109,0.5109,0.5109,0.5109,0.5109,0.5109,0.5109,0.5109,0.4991,0.4873,0.4755,0.4636,0.4518,0.4399,0.4281,0.4251,0.4222,0.4193,0.4163,0.4134,0.4104,0.4075,0.4045,0.4016,0.3986,0.3956,0.3927,0.3897,0.3867,0.3838,0.3808,0.3808,0.3808,0.3808,0.3808,0.3808,0.3808,0.3808,0.3808,0.3808,0.3808,0.3808,Algeria,Africa,DZ
0.5378,0.5378,0.5378,0.5378,0.5378,0.5378,0.5378,0.5378,0.5378,0.5378,0.5378,0.5378,0.5378,0.5378,0.5378,0.5378,0.5378,0.5378,0.5378,0.5378,0.5378,0.5378,0.5303,0.5228,0.5128,0.5028,0.4785,0.5306,0.4941,0.4848,0.5041,0.4455,0.468,0.4543,0.4399,0.4173,0.4075,0.4226,0.4246,0.4161,0.4731,0.4483,0.4483,Ecuador,Americas,EC
0.2377,0.2377,0.2377,0.2377,0.2377,0.2379,0.2378,0.2379,0.2378,0.2766,0.3251,0.3639,0.3667,0.4061,0.4218,0.4207,0.4408,0.4376,0.4212,0.4178,0.4209,0.4106,0.4281,0.4284,0.4085,0.4459,0.4079,0.3952,0.376,0.3451,0.36,0.3725,0.3917,0.3879,0.3838,0.3573,0.3527,0.3527,0.3527,0.4059,0.4084,0.3828,0.3816,Estonia,Europe,EE
0.462,0.462,0.462,0.462,0.462,0.462,0.462,0.462,0.462,0.462,0.462,0.4613,0.4606,0.4599,0.4593,0.4587,0.4728,0.486,0.4985,0.5103,0.5069,0.5037,0.5005,0.4973,0.4942,0.4931,0.4921,0.4911,0.4902,0.4828,0.4754,0.475,0.4746,0.4812,0.4877,0.4939,0.4885,0.4832,0.4807,0.4783,0.476,0.476,0.476,Egypt,Africa,EG
0.5358,0.5358,0.5358,0.5358,0.5358,0.5358,0.5358,0.5358,0.5358,0.5358,0.5358,0.5453,0.5548,0.5643,0.5737,0.5832,0.5438,0.5042,0.4644,0.4245,0.4257,0.4269,0.4281,0.4293,0.4305,0.4332,0.4359,0.4386,0.4413,0.444,0.4466,0.4483,0.4499,0.4515,0.4531,0.4547,0.4547,0.4547,0.4547,0.4547,0.4547,0.4547,0.4547,Eritrea,Africa,ER
0.3633,0.361,0.3627,0.361,0.3619,0.3635,0.3755,0.3755,0.3778,0.3863,0.3786,0.3713,0.3632,0.3576,0.3656,0.367,0.3648,0.3561,0.3544,0.3578,0.3546,0.3486,0.3505,0.3531,0.3523,0.3457,0.3534,0.3508,0.3505,0.3529,0.3427,0.3405,0.3457,0.3466,0.3486,0.3525,0.3509,0.3475,0.3421,0.3382,0.3159,0.3317,0.3313,Spain,Europe,ES
0.4497,0.4497,0.4593,0.4689,0.4785,0.4881,0.4976,0.5072,0.5167,0.5262,0.5358,0.5453,0.5548,0.5643,0.5737,0.5832,0.5438,0.5042,0.4644,0.4245,0.4257,0.4269,0.4281,0.4293,0.4305,0.4332,0.4359,0.4386,0.4413,0.444,0.4466,0.4483,0.4499,0.4515,0.4531,0.4547,0.4547,0.4547,0.4547,0.4547,0.4547,0.4547,0.4547,Ethiopia,Africa,ET
0.2863,0.2804,0.276,0.2763,0.287,0.2832,0.2795,0.2852,0.2904,0.2772,0.2691,0.2529,0.2579,0.277,0.3035,0.317,0.3204,0.3373,0.3456,0.3568,0.37,0.3615,0.3542,0.3293,0.3299,0.316,0.3192,0.3193,0.3292,0.308,0.3193,0.3164,0.3106,0.3088,0.3134,0.3223,0.3218,0.331,0.3286,0.3273,0.3355,0.3195,0.3164,Finland,Europe,FI
0.3127,0.3075,0.2994,0.3004,0.3026,0.3087,0.3183,0.3262,0.3298,0.3319,0.3274,0.3259,0.3183,0.3213,0.3216,0.3208,0.3262,0.3286,0.3315,0.3306,0.3345,0.3379,0.3322,0.3359,0.3384,0.3367,0.3347,0.3418,0.3415,0.3246,0.3283,0.335,0.3248,0.3273,0.3285,0.3334,0.3338,0.336,0.3426,0.3398,0.3374,0.3479,0.3479,France,Europe,FR
0.5078,0.5078,0.5078,0.5078,0.5078,0.5078,0.5078,0.5078,0.5078,0.5078,0.5078,0.5078,0.5078,0.5078,0.5078,0.5078,0.5078,0.5078,0.5078,0.5078,0.5078,0.5078,0.5078,0.5078,0.5078,0.5078,0.5016,0.4954,0.4892,0.4829,0.4767,0.4705,0.4643,0.4581,0.4518,0.4456,0.4394,0.4332,0.4332,0.4332,0.4332,0.4332,0.4332,Gabon,Africa,GA
0.2848,0.2848,0.2866,0.2905,0.2964,0.2974,0.2989,0.3023,0.3095,0.3095,0.3291,0.3356,0.3363,0.3423,0.3504,0.3532,0.3654,0.3634,0.3733,0.3747,0.367,0.3719,0.3745,0.3871,0.3793,0.3878,0.3867,0.389,0.367,0.3788,0.3486,0.3586,0.3669,0.3864,0.3677,0.3558,0.3567,0.3612,0.3606,0.3706,0.3754,0.338,0.337,United Kingdom,Europe,GB
0.4503,0.4503,0.4503,0.4503,0.4503,0.4503,0.4503,0.4503,0.4503,0.4503,0.4503,0.4503,0.4503,0.4503,0.4503,0.4503,0.4503,0.4654,0.5037,0.4704,0.4736,0.4745,0.4502,0.4404,0.437,0.4517,0.4505,0.4721,0.4653,0.4475,0.4551,0.494,0.4611,0.4945,0.4669,0.4684,0.4823,0.4886,0.484,0.4903,0.4903,0.4503,0.4503,Georgia,Asia,GE
0.4382,0.4382,0.4382,0.4382,0.4382,0.4382,0.4382,0.4382,0.4495,0.4565,0.4635,0.4705,0.4686,0.4666,0.4647,0.4628,0.4608,0.4589,0.4569,0.4629,0.4688,0.4747,0.4806,0.4865,0.4924,0.4983,0.4963,0.4942,0.4922,0.4901,0.488,0.486,0.4839,0.4852,0.4865,0.4878,0.4891,0.4891,0.4891,0.4891,0.4891,0.4891,0.4891,Ghana,Africa,GH
0.5525,0.5525,0.5525,0.5525,0.5525,0.5525,0.5525,0.5525,0.5525,0.5525,0.5525,0.5525,0.5525,0.5525,0.5525,0.5525,0.5525,0.5525,0.5525,0.5516,0.5507,0.5498,0.5488,0.5479,0.546,0.5442,0.5423,0.5405,0.5386,0.5368,0.5349,0.5197,0.5045,0.4893,0.474,0.4587,0.4587,0.4587,0.4587,0.4587,0.4587,0.4587,0.4587,Gambia,Africa,GM
0.4813,0.4813,0.4813,0.4813,0.4813,0.4813,0.4813,0.4813,0.4813,0.4813,0.4813,0.4813,0.5005,0.5199,0.5393,0.5368,0.5343,0.5319,0.5294,0.5269,0.5244,0.5219,0.5195,0.5087,0.498,0.4873,0.4765,0.4658,0.458,0.4503,0.4425,0.4347,0.4269,0.4189,0.4109,0.4029,0.3949,0.3869,0.3789,0.3789,0.3789,0.3789,0.3789,Guinea,Africa,GN
0.5222,0.5224,0.5226,0.5228,0.5229,0.523,0.523,0.523,0.5229,0.5228,0.5227,0.5226,0.5226,0.5225,0.5225,0.5225,0.5225,0.5218,0.521,0.5203,0.5195,0.5169,0.5147,0.5124,0.5103,0.5078,0.5054,0.5029,0.5012,0.5028,0.5045,0.506,0.5071,0.5084,0.5097,0.5107,0.5117,0.5128,0.514,0.514,0.5139,0.5139,0.5139,Equatorial Guinea,Africa,GQ
0.3745,0.3875,0.3786,0.3686,0.3621,0.368,0.3487,0.3492,0.3378,0.3329,0.3412,0.3395,0.3375,0.3488,0.3625,0.365,0.3714,0.3911,0.4002,0.4093,0.4163,0.4136,0.392,0.375,0.3825,0.3805,0.369,0.3576,0.3309,0.326,0.3408,0.3169,0.3203,0.3374,0.3611,0.3583,0.346,0.3429,0.3329,0.3275,0.3236,0.3513,0.35,Greece,Europe,GR
0.5496,0.5496,0.5496,0.5496,0.5496,0.5496,0.5496,0.5496,0.5496,0.5496,0.5496,0.5496,0.5496,0.5496,0.5496,0.5496,0.5496,0.5496,0.5496,0.5496,0.5496,0.56,0.56,0.5617,0.5563,0.555,0.5525,0.5626,0.5593,0.5468,0.5459,0.5405,0.5316,0.5379,0.5298,0.5311,0.5337,0.5323,0.5323,0.5244,0.5385,0.5241,0.5241,Guatemala,Americas,GT
0.5951,0.5951,0.5951,0.5951,0.5951,0.5951,0.5951,0.5951,0.5951,0.5951,0.5951,0.5951,0.5603,0.5252,0.5168,0.5084,0.4999,0.4914,0.483,0.4745,0.466,0.4575,0.449,0.4682,0.4873,0.5064,0.5254,0.5445,0.5635,0.5824,0.6013,0.5814,0.5615,0.5415,0.5215,0.5014,0.4813,0.4611,0.4409,0.4409,0.4409,0.4409,0.4409,Guinea-Bissau,Africa,GW
0.5496,0.5496,0.5496,0.5496,0.5496,0.5496,0.5496,0.5496,0.5496,0.5496,0.5496,0.5496,0.5496,0.5496,0.5496,0.5496,0.5496,0.5496,0.5496,0.5496,0.5496,0.56,0.56,0.5617,0.5563,0.555,0.5525,0.5626,0.5593,0.5468,0.5459,0.5405,0.5316,0.5379,0.5298,0.5311,0.5337,0.5323,0.5323,0.5244,0.5385,0.5241,0.5241,Guyana,Americas,GY
0.4197,0.4197,0.4233,0.4263,0.429,0.4312,0.4332,0.4409,0.446,0.4498,0.4526,0.4548,0.4448,0.4369,0.4304,0.4251,0.4206,0.4252,0.4296,0.4339,0.438,0.4421,0.4547,0.4664,0.4774,0.4877,0.4974,0.4968,0.4962,0.4957,0.4952,0.4947,0.492,0.4893,0.4867,0.4842,0.4818,0.4818,0.4818,0.4818,0.4818,0.4818,0.4818,Hong Kong,Asia,HK
0.5496,0.5496,0.5496,0.5496,0.5496,0.5496,0.5496,0.5496,0.5496,0.5496,0.5496,0.5496,0.5496,0.5496,0.5496,0.5496,0.5496,0.5496,0.5496,0.5496,0.5496,0.56,0.56,0.5617,0.5563,0.555,0.5525,0.5626,0.5593,0.5468,0.5459,0.5405,0.5316,0.5379,0.5298,0.5311,0.5337,0.5323,0.5323,0.5244,0.5385,0.5241,0.5241,Honduras,Americas,HN
0.2651,0.2651,0.2651,0.2651,0.2665,0.2686,0.2685,0.2553,0.2555,0.2878,0.291,0.2924,0.2988,0.3031,0.306,0.312,0.3134,0.3187,0.3268,0.3323,0.3216,0.323,0.3131,0.3085,0.3159,0.3259,0.3277,0.3375,0.3353,0.3199,0.329,0.3368,0.3348,0.3361,0.3415,0.3424,0.3299,0.3298,0.3424,0.3587,0.3572,0.321,0.3204,Croatia,Europe,HR
0.5496,0.5496,0.5496,0.5496,0.5496,0.5496,0.5496,0.5496,0.5496,0.5496,0.5496,0.5496,0.5496,0.5496,0.5496,0.5496,0.5496,0.5496,0.5496,0.5496,0.5496,0.56,0.56,0.5617,0.5563,0.555,0.5525,0.5626,0.5593,0.5468,0.5459,0.5405,0.5316,0.5379,0.5298,0.5311,0.5337,0.5323,0.5323,0.5244,0.5385,0.5241,0.5241,Haiti,Americas,HT
0.1849,0.1838,0.1823,0.176,0.1691,0.1714,0.1733,0.1821,0.1935,0.215,0.2354,0.2563,0.2773,0.2796,0.2843,0.2768,0.2818,0.2963,0.3006,0.3126,0.3084,0.3289,0.3466,0.3458,0.3373,0.3609,0.3661,0.3556,0.3487,0.3335,0.337,0.3287,0.3196,0.3337,0.3291,0.3288,0.3306,0.3299,0.3248,0.3289,0.325,0.3356,0.335,Hungary,Europe,HU
0.4124,0.4124,0.4124,0.4124,0.4124,0.4225,0.4317,0.4402,0.443,0.4455,0.4477,0.4535,0.4584,0.4626,0.4706,0.4771,0.4823,0.4405,0.3946,0.3874,0.3884,0.3986,0.3974,0.396,0.4121,0.4241,0.4177,0.4244,0.4654,0.4788,0.4296,0.4484,0.4429,0.4354,0.4343,0.4497,0.4315,0.4173,0.4686,0.4686,0.4686,0.4124,0.4124,Indonesia,Asia,ID
0.3183,0.3143,0.3237,0.3275,0.3192,0.3168,0.3155,0.3165,0.3137,0.3144,0.3175,0.3257,0.3352,0.3316,0.3395,0.3394,0.3243,0.3406,0.3657,0.358,0.3742,0.3628,0.3645,0.3724,0.3695,0.3795,0.3838,0.3689,0.3296,0.3301,0.3327,0.3436,0.3215,0.3355,0.3406,0.3635,0.3681,0.3566,0.3665,0.3644,0.3615,0.4111,0.4086,Ireland,Europe,IE
0.4788,0.4783,0.4778,0.4773,0.4768,0.4762,0.4757,0.4771,0.4784,0.4796,0.4807,0.4817,0.4827,0.4843,0.4859,0.4874,0.4889,0.4904,0.4918,0.4932,0.4946,0.496,0.4983,0.5006,0.5029,0.5051,0.5036,0.5021,0.5064,0.5107,0.5149,0.5079,0.5011,0.4921,0.484,0.4809,0.478,0.478,0.478,0.478,0.478,0.478,0.478,Israel,Asia,IL
0.3236,0.3155,0.3087,0.3615,0.3424,0.3568,0.3597,0.3537,0.363,0.3634,0.344,0.3502,0.3599,0.3767,0.3922,0.3928,0.3894,0.3975,0.4025,0.4052,0.409,0.4199,0.431,0.4423,0.4538,0.4655,0.4782,0.4913,0.5046,0.5183,0.5321,0.5517,0.5603,0.5627,0.5713,0.5713,0.5713,0.5713,0.5713,0.5713,0.5713,0.5713,0.5713,India,Asia,IN
0.5349,0.5349,0.5349,0.5349,0.5349,0.5349,0.5349,0.5349,0.5349,0.5349,0.5349,0.5349,0.5349,0.5349,0.5349,0.5349,0.5349,0.5349,0.5349,0.5349,0.5349,0.5349,0.5349,0.5349,0.5349,0.5349,0.5349,0.5349,0.5279,0.5217,0.5162,0.5112,0.5067,0.5067,0.5067,0.5067,0.5067,0.5067,0.5067,0.5067,0.5067,0.5067,0.5067,Iraq,Asia,IQ
0.5719,0.5719,0.5719,0.5719,0.5719,0.5719,0.5719,0.5634,0.5545,0.5455,0.5361,0.5358,0.5355,0.5352,0.5349,0.5358,0.5366,0.5375,0.5384,0.5374,0.5364,0.5354,0.5344,0.5334,0.5325,0.5316,0.5371,0.5271,0.5172,0.5072,0.5061,0.5,0.4931,0.4854,0.4945,0.5024,0.5042,0.5094,0.5239,0.5239,0.5239,0.5239,0.5239,Iran,Asia,IR
0.2951,0.2951,0.2951,0.2951,0.2951,0.2951,0.2951,0.2951,0.2951,0.2951,0.2951,0.2949,0.2964,0.2966,0.2978,0.2977,0.2982,0.2991,0.3,0.3025,0.3029,0.32,0.3274,0.3228,0.3072,0.3145,0.3257,0.3604,0.2954,0.2765,0.2654,0.2708,0.2748,0.2948,0.294,0.2931,0.2901,0.2898,0.2779,0.2774,0.2773,0.2904,0.2904,Iceland,Europe,IS
0.2839,0.2733,0.2616,0.2704,0.2756,0.281,0.2936,0.3007,0.3108,0.3145,0.3152,0.3145,0.3173,0.3233,0.3275,0.3353,0.3396,0.3428,0.3497,0.3494,0.3579,0.3619,0.3566,0.356,0.3574,0.3503,0.352,0.3541,0.3379,0.3373,0.3458,0.3525,0.3608,0.3615,0.3575,0.3493,0.3682,0.3763,0.3759,0.3743,0.3715,0.3818,0.3905,Italy,Europe,IT
0.5496,0.5496,0.5496,0.5496,0.5496,0.5496,0.5496,0.5496,0.5496,0.5496,0.5496,0.5496,0.5496,0.5496,0.5496,0.5496,0.5496,0.5496,0.5496,0.5496,0.5496,0.56,0.56,0.5617,0.5563,0.555,0.5525,0.5626,0.5593,0.5468,0.5459,0.5405,0.5316,0.5379,0.5298,0.5311,0.5337,0.5323,0.5323,0.5244,0.5385,0.5241,0.5241,Jamaica,Americas,JM
0.477,0.477,0.477,0.477,0.477,0.477,0.477,0.4838,0.4911,0.499,0.5075,0.5167,0.5267,0.5117,0.4964,0.4807,0.4646,0.4481,0.4577,0.4667,0.4754,0.4837,0.4917,0.4946,0.4973,0.4998,0.5021,0.5064,0.5104,0.5157,0.5215,0.5097,0.4971,0.4836,0.4836,0.4836,0.4836,0.4836,0.4836,0.4836,0.4836,0.4836,0.4836,Jordan,Asia,JO
0.3592,0.3551,0.3543,0.3563,0.3597,0.3658,0.3737,0.392,0.3982,0.4069,0.4127,0.4012,0.3604,0.3655,0.3691,0.3789,0.388,0.3856,0.3894,0.3964,0.4075,0.4201,0.4301,0.4375,0.4472,0.4493,0.4515,0.4532,0.4448,0.4352,0.4431,0.4414,0.4417,0.4427,0.4424,0.4432,0.4427,0.4424,0.4424,0.4424,0.4424,0.4424,0.4424,Japan,Asia,JP
0.6634,0.6634,0.6634,0.6634,0.6634,0.6634,0.6634,0.6634,0.6634,0.6634,0.6634,0.6634,0.6634,0.5876,0.5116,0.5229,0.5342,0.5456,0.5463,0.5469,0.5476,0.5483,0.549,0.5497,0.5504,0.5511,0.5447,0.5383,0.532,0.5256,0.5192,0.5128,0.5064,0.5,0.4936,0.4872,0.4872,0.4872,0.4872,0.4872,0.4872,0.4872,0.4872,Kenya,Africa,KE
0.4335,0.4335,0.4335,0.4335,0.4335,0.4335,0.4335,0.4335,0.4335,0.4335,0.4335,0.4335,0.4335,0.4335,0.4335,0.4335,0.4335,0.4335,0.4335,0.4032,0.3791,0.3818,0.3811,0.3737,0.4281,0.4241,0.4517,0.4109,0.4069,0.406,0.4032,0.3855,0.3809,0.3821,0.3703,0.3968,0.3784,0.393,0.3982,0.4327,0.4327,0.4335,0.4335,Kyrgyzstan,Asia,KG
0.5574,0.5574,0.5574,0.5574,0.5574,0.5574,0.5574,0.5574,0.5574,0.5574,0.5574,0.5574,0.5574,0.5574,0.5574,0.5574,0.5574,0.5574,0.5574,0.5574,0.5574,0.5574,0.5574,0.5574,0.5574,0.5574,0.5574,0.5574,0.5574,0.5574,0.5574,0.4668,0.4552,0.478,0.4545,0.4543,0.4546,0.4543,0.4538,0.4538,0.4538,0.5574,0.5574,Cambodia,Asia,KH
0.6696,0.6696,0.6696,0.6696,0.6696,0.6696,0.6696,0.6696,0.6696,0.6696,0.6696,0.6696,0.6696,0.6696,0.6696,0.6696,0.6696,0.6696,0.6696,0.6696,0.6696,0.6696,0.6696,0.6696,0.6696,0.6529,0.6362,0.6195,0.6028,0.5861,0.5694,0.5527,0.536,0.5193,0.5026,0.5026,0.5026,0.5026,0.5026,0.5026,0.5026,0.5026,0.5026,Comoros,Africa,KM
0.3819,0.3819,0.3819,0.3819,0.3819,0.3819,0.3819,0.3819,0.3819,0.3819,0.3819,0.3851,0.3911,0.3979,0.4008,0.3991,0.3994,0.3997,0.4016,0.4052,0.4123,0.4174,0.4336,0.4342,0.4354,0.4352,0.4322,0.435,0.4364,0.4467,0.4526,0.4438,0.429,0.4299,0.4242,0.4256,0.4266,0.4267,0.4267,0.4267,0.3819,0.3819,0.3819,North Korea,Asia,KP
0.3124,0.3124,0.3124,0.3035,0.3004,0.2973,0.2942,0.291,0.2877,0.2843,0.2809,0.2849,0.2728,0.2682,0.2636,0.2589,0.2597,0.2631,0.2718,0.2803,0.2887,0.2968,0.3047,0.3125,0.3201,0.3275,0.3372,0.3269,0.3533,0.3348,0.3644,0.3576,0.3557,0.3462,0.3475,0.3245,0.3678,0.3764,0.3644,0.3283,0.3288,0.3255,0.3255,Korea,Asia,KR
0.3387,0.3387,0.3387,0.3387,0.3387,0.3387,0.3387,0.3387,0.3387,0.3387,0.3387,0.3387,0.3387,0.3387,0.3387,0.3387,0.3387,0.3387,0.3387,0.3387,0.3387,0.3387,0.3387,0.3387,0.3383,0.3403,0.3357,0.3351,0.3478,0.3428,0.3497,0.334,0.3334,0.3278,0.3109,0.3172,0.3158,0.3224,0.3199,0.3156,0.3117,0.3154,0.3164,Kosovo,Europe,KS
0.5285,0.5285,0.5285,0.5285,0.5285,0.5285,0.5285,0.5285,0.5285,0.5285,0.5285,0.5285,0.5285,0.5285,0.5285,0.5285,0.5285,0.5285,0.5285,0.5285,0.5285,0.5285,0.5285,0.5285,0.5285,0.5285,0.5285,0.5285,0.5285,0.5286,0.5287,0.5288,0.5289,0.529,0.529,0.529,0.529,0.529,0.529,0.529,0.529,0.529,0.529,Kuwait,Asia,KW
0.3529,0.3529,0.3529,0.3529,0.3529,0.3529,0.3529,0.3529,0.3529,0.3529,0.3529,0.3529,0.3529,0.3529,0.3621,0.3861,0.4082,0.4141,0.426,0.428,0.4321,0.4374,0.4437,0.4289,0.3976,0.4201,0.4257,0.4096,0.4119,0.4182,0.4138,0.3948,0.3972,0.3974,0.3879,0.373,0.4047,0.4077,0.412,0.412,0.412,0.3529,0.3529,Kazakhstan,Asia,KZ
0.4568,0.4568,0.4568,0.4568,0.4568,0.4568,0.4568,0.4568,0.4568,0.4568,0.4568,0.4568,0.4568,0.4608,0.4651,0.4685,0.4712,0.474,0.4697,0.4655,0.4644,0.4623,0.4578,0.4598,0.4637,0.466,0.4677,0.4699,0.4668,0.4654,0.4633,0.4607,0.4575,0.4629,0.4685,0.4726,0.4768,0.4801,0.483,0.483,0.483,0.4568,0.4568,Lao PDR,Asia,LA
0.4948,0.4948,0.4948,0.4948,0.4948,0.4948,0.4948,0.4948,0.4948,0.4948,0.4948,0.4948,0.4948,0.4948,0.4948,0.4948,0.4948,0.4948,0.4948,0.4948,0.4948,0.4948,0.4948,0.4948,0.4948,0.4948,0.4902,0.5348,0.5403,0.5326,0.5391,0.5419,0.5468,0.547,0.5417,0.5417,0.5417,0.5417,0.5417,0.5417,0.5417,0.5417,0.5417,Lebanon,Asia,LB
0.4223,0.4223,0.4223,0.4223,0.4223,0.4223,0.4276,0.4326,0.4374,0.4419,0.4462,0.4478,0.4493,0.4506,0.4519,0.453,0.4618,0.4702,0.4778,0.4857,0.4926,0.499,0.5058,0.5038,0.5009,0.4985,0.4968,0.4871,0.4744,0.4642,0.4755,0.481,0.4866,0.4878,0.4885,0.4886,0.4898,0.4898,0.4898,0.4898,0.4898,0.4223,0.4223,Sri Lanka,Asia,LK
0.4469,0.4469,0.4469,0.4469,0.4469,0.4469,0.4469,0.4469,0.4469,0.4469,0.4469,0.4469,0.4469,0.4469,0.4469,0.4469,0.4469,0.4469,0.4469,0.4469,0.4469,0.4469,0.4469,0.4469,0.4469,0.4469,0.4469,0.4469,0.443,0.4391,0.4352,0.4313,0.4274,0.4235,0.4196,0.426,0.4324,0.4324,0.4324,0.4324,0.4324,0.4324,0.4324,Liberia,Africa,LR
0.6104,0.6104,0.6104,0.6104,0.6104,0.6104,0.6104,0.6146,0.6187,0.6228,0.627,0.6311,0.6353,0.6394,0.6435,0.6321,0.6207,0.6092,0.5978,0.5863,0.5749,0.5634,0.552,0.5482,0.5444,0.5406,0.5368,0.5331,0.5293,0.5255,0.5217,0.5179,0.5141,0.5103,0.5065,0.5027,0.4989,0.4951,0.4951,0.4951,0.4951,0.4951,0.4951,Lesotho,Africa,LS
0.2492,0.2492,0.2492,0.2492,0.2492,0.2492,0.2492,0.2492,0.2492,0.2708,0.2901,0.3105,0.3336,0.3536,0.3595,0.3501,0.3422,0.3354,0.3244,0.3179,0.3338,0.3356,0.3288,0.3413,0.3549,0.3607,0.3397,0.374,0.3777,0.3777,0.3497,0.3506,0.3773,0.3837,0.4171,0.3766,0.375,0.388,0.3623,0.4164,0.4142,0.4188,0.4184,Lithuania,Europe,LT
0.3542,0.3542,0.3542,0.3542,0.3542,0.3542,0.3545,0.3534,0.3549,0.3545,0.357,0.3565,0.3555,0.3564,0.3575,0.362,0.3657,0.3807,0.4027,0.3949,0.4021,0.3962,0.3767,0.3713,0.4109,0.4221,0.3892,0.4188,0.4041,0.3686,0.3615,0.3541,0.3842,0.3603,0.3617,0.3334,0.3464,0.3682,0.3575,0.3347,0.3458,0.316,0.3148,Luxembourg,Europe,LU
0.2237,0.2237,0.2237,0.2237,0.2237,0.2237,0.2237,0.2237,0.2237,0.231,0.2388,0.2531,0.2705,0.3075,0.3282,0.3359,0.3569,0.3589,0.3656,0.3655,0.3661,0.3612,0.375,0.3795,0.3866,0.4015,0.3594,0.3864,0.3795,0.3818,0.3502,0.3464,0.3413,0.3566,0.3445,0.3468,0.3287,0.35,0.346,0.3457,0.3428,0.3465,0.3461,Latvia,Europe,LV
0.4658,0.4659,0.466,0.4661,0.4663,0.4661,0.4653,0.4645,0.4636,0.4607,0.4578,0.4553,0.4528,0.4503,0.4477,0.4451,0.4474,0.4497,0.4521,0.4563,0.4561,0.4543,0.4526,0.4509,0.4492,0.4482,0.4473,0.4456,0.4439,0.4398,0.4364,0.4324,0.4289,0.435,0.4415,0.4473,0.4442,0.4411,0.4411,0.4412,0.4412,0.4413,0.4413,Libya,Africa,LY
0.5032,0.5032,0.5032,0.5032,0.5032,0.5017,0.5001,0.4986,0.4971,0.4956,0.494,0.4922,0.4903,0.4885,0.4867,0.4848,0.483,0.4811,0.4793,0.4879,0.4966,0.499,0.5015,0.5039,0.5063,0.5088,0.5112,0.5088,0.5064,0.504,0.5016,0.4992,0.4967,0.4943,0.4943,0.4943,0.4943,0.4943,0.4943,0.4943,0.4943,0.4943,0.4943,Morocco,Africa,MA
0.2478,0.2478,0.2478,0.2478,0.2478,0.2478,0.2478,0.2478,0.2478,0.2658,0.2792,0.3004,0.3193,0.3408,0.3509,0.3596,0.3672,0.3773,0.3579,0.3539,0.3523,0.3531,0.3545,0.3582,0.3561,0.3616,0.3631,0.367,0.3701,0.3728,0.3631,0.3606,0.3552,0.3529,0.351,0.3537,0.3252,0.3281,0.3291,0.3281,0.3307,0.3345,0.3329,Moldova,Europe,MD
0.2877,0.2877,0.2877,0.2877,0.297,0.2906,0.2868,0.2958,0.3095,0.2828,0.2809,0.2857,0.2905,0.2956,0.3008,0.3069,0.3075,0.3088,0.3138,0.2966,0.3526,0.3256,0.3297,0.3353,0.3359,0.3376,0.3491,0.3377,0.3486,0.3492,0.354,0.3602,0.363,0.3561,0.3514,0.3605,0.3494,0.3219,0.3247,0.3206,0.3169,0.3204,0.3213,Montenegro,Europe,ME
0.5498,0.551,0.5522,0.5533,0.5545,0.5557,0.5568,0.558,0.5592,0.5603,0.5615,0.5627,0.5638,0.565,0.5413,0.5176,0.4939,0.4701,0.4603,0.4504,0.4943,0.5379,0.5299,0.5218,0.5137,0.5056,0.5094,0.5132,0.5169,0.5207,0.5244,0.516,0.5076,0.5076,0.5076,0.5076,0.5076,0.5076,0.5076,0.5076,0.5076,0.5076,0.5076,Madagascar,Africa,MG
0.2742,0.2742,0.2742,0.2742,0.2839,0.2782,0.2737,0.2825,0.2955,0.2705,0.2686,0.278,0.2872,0.2968,0.3063,0.3165,0.3627,0.3474,0.3205,0.3154,0.3017,0.3168,0.3032,0.3102,0.309,0.3119,0.3157,0.3178,0.333,0.3349,0.3392,0.3421,0.3204,0.3179,0.3098,0.315,0.308,0.309,0.3001,0.2958,0.2919,0.2957,0.2966,North Macedonia,Europe,MK
0.5855,0.5855,0.5855,0.5855,0.5855,0.5855,0.5855,0.5855,0.5855,0.5855,0.5855,0.5855,0.5855,0.5855,0.5855,0.5687,0.5519,0.5351,0.5182,0.5013,0.4844,0.4675,0.4678,0.4681,0.4684,0.4687,0.469,0.4503,0.4315,0.4126,0.4164,0.4201,0.4238,0.4275,0.4312,0.435,0.4387,0.4424,0.4461,0.4461,0.4461,0.4461,0.4461,Mali,Africa,ML
0.5112,0.5112,0.5112,0.5112,0.5112,0.5112,0.5112,0.5112,0.5112,0.5112,0.5112,0.5112,0.5112,0.5112,0.5112,0.5112,0.5112,0.5112,0.5112,0.5112,0.5112,0.5112,0.5112,0.5112,0.5112,0.5112,0.5112,0.5112,0.5112,0.5112,0.5112,0.5112,0.5112,0.5112,0.5112,0.5112,0.4705,0.43,0.4293,0.4293,0.4293,0.5112,0.5112,Myanmar,Asia,MM
0.4251,0.4251,0.4251,0.4251,0.4251,0.4251,0.4251,0.4251,0.4251,0.4251,0.4251,0.4251,0.4251,0.4251,0.4251,0.4251,0.421,0.4169,0.413,0.418,0.4229,0.4279,0.4328,0.4393,0.4448,0.4495,0.4517,0.4489,0.4395,0.4297,0.4372,0.4405,0.4476,0.4395,0.4432,0.4344,0.4337,0.4322,0.4331,0.429,0.429,0.4251,0.4251,Mongolia,Asia,MN
0.3085,0.3085,0.3085,0.3085,0.3085,0.3085,0.3085,0.3085,0.3085,0.3085,0.3085,0.3151,0.3271,0.3391,0.3433,0.339,0.339,0.3391,0.3425,0.3479,0.3587,0.3662,0.3968,0.4051,0.4121,0.4216,0.4237,0.4269,0.4269,0.4263,0.4283,0.4311,0.4169,0.4235,0.4155,0.4166,0.4166,0.4166,0.4166,0.4166,0.3085,0.3085,0.3085,Macao,Asia,MO
0.4833,0.4833,0.4833,0.4833,0.4833,0.4833,0.4833,0.4833,0.5069,0.5305,0.5542,0.5778,0.6015,0.6252,0.5375,0.4495,0.4509,0.4522,0.4536,0.4549,0.4562,0.4686,0.481,0.4933,0.5057,0.4831,0.4604,0.4378,0.4151,0.4134,0.4117,0.41,0.4083,0.4065,0.4048,0.4048,0.4048,0.4048,0.4048,0.4048,0.4048,0.4048,0.4048,Mauritania,Africa,MR
0.2849,0.2849,0.2849,0.2849,0.2849,0.2849,0.2849,0.2849,0.2849,0.2849,0.2849,0.2849,0.2849,0.2849,0.2849,0.2849,0.2849,0.2849,0.2849,0.2849,0.2849,0.2849,0.2849,0.2849,0.2849,0.2849,0.2849,0.2875,0.2929,0.3065,0.2973,0.3126,0.3221,0.325,0.3263,0.3367,0.3326,0.3348,0.3287,0.3412,0.3363,0.3404,0.3413,Malta,Europe,MT
0.4578,0.4578,0.4578,0.4578,0.4578,0.4578,0.4578,0.4578,0.4578,0.4578,0.4578,0.4578,0.4578,0.4578,0.4578,0.4578,0.4578,0.4578,0.4578,0.4578,0.4578,0.4578,0.4578,0.4578,0.4578,0.4578,0.4578,0.4643,0.4707,0.4772,0.4836,0.49,0.4965,0.492,0.4875,0.483,0.4785,0.474,0.474,0.474,0.474,0.474,0.474,Mauritius,Africa,MU
0.5772,0.5772,0.5772,0.5772,0.5772,0.5772,0.5772,0.5772,0.5772,0.5772,0.5772,0.5772,0.5772,0.5772,0.5772,0.5772,0.5772,0.5772,0.5772,0.5772,0.5772,0.5772,0.5772,0.562,0.547,0.5316,0.5162,0.5008,0.4818,0.4635,0.4563,0.4447,0.4349,0.4252,0.415,0.4036,0.3949,0.3951,0.3951,0.3951,0.3951,0.5772,0.5772,Maldives,Asia,MV
0.5135,0.5135,0.5135,0.5135,0.5135,0.5135,0.5135,0.5135,0.5135,0.5135,0.5135,0.5135,0.5135,0.5135,0.5135,0.5135,0.5135,0.5135,0.5135,0.5135,0.5135,0.5135,0.5135,0.5135,0.5135,0.5206,0.5276,0.5347,0.5417,0.5487,0.5557,0.5606,0.5655,0.5704,0.5753,0.5802,0.5851,0.5515,0.5179,0.4841,0.4841,0.4841,0.4841,Malawi,Africa,MW
0.5484,0.5484,0.5484,0.5484,0.5484,0.5484,0.5484,0.5484,0.5484,0.5484,0.5484,0.5484,0.5484,0.5484,0.5484,0.5484,0.5484,0.5484,0.5484,0.5484,0.5484,0.5484,0.5484,0.5743,0.6003,0.5967,0.5931,0.6222,0.6513,0.6373,0.6234,0.6324,0.6414,0.6379,0.6343,0.6338,0.6333,0.6469,0.6606,0.6533,0.6461,0.6461,0.6461,Mexico,Americas,MX
0.4748,0.4748,0.4748,0.4748,0.4748,0.4711,0.4674,0.4635,0.4621,0.461,0.4625,0.4638,0.4648,0.4672,0.4691,0.4708,0.4729,0.4747,0.4689,0.4637,0.459,0.4547,0.4508,0.4504,0.4499,0.4546,0.4593,0.464,0.4553,0.4465,0.439,0.4316,0.4241,0.4134,0.4027,0.4027,0.4027,0.4027,0.4027,0.4027,0.4027,0.4748,0.4748,Malaysia,Asia,MY
0.6197,0.6197,0.6197,0.6197,0.6197,0.6197,0.6197,0.6197,0.6197,0.6197,0.6197,0.6197,0.6197,0.6197,0.6197,0.6197,0.6197,0.6142,0.6087,0.6032,0.5976,0.5921,0.5866,0.5816,0.5766,0.5716,0.5666,0.5616,0.5566,0.5716,0.5865,0.6015,0.6165,0.6314,0.6463,0.6463,0.6463,0.6463,0.6463,0.6463,0.6463,0.6463,0.6463,Mozambique,Africa,MZ
0.7155,0.7155,0.7155,0.7155,0.7155,0.7155,0.7155,0.7155,0.7155,0.7155,0.7155,0.7155,0.7155,0.7155,0.7155,0.7155,0.7155,0.7155,0.7155,0.7155,0.7155,0.7155,0.7155,0.7155,0.7116,0.7077,0.7038,0.7,0.6961,0.6922,0.6838,0.6754,0.6671,0.6587,0.6504,0.642,0.642,0.642,0.642,0.642,0.642,0.642,0.642,Namibia,Africa,NA
0.4681,0.4681,0.4681,0.4681,0.4681,0.4681,0.4681,0.4681,0.4681,0.4681,0.4681,0.4681,0.4681,0.4841,0.5,0.5048,0.5096,0.5144,0.5192,0.5239,0.5287,0.5335,0.5383,0.5431,0.5478,0.5526,0.5242,0.4957,0.4799,0.4641,0.4482,0.4323,0.4325,0.4328,0.433,0.4477,0.4625,0.4772,0.4919,0.4919,0.4919,0.4919,0.4919,Niger,Africa,NE
0.4412,0.4412,0.4412,0.4412,0.4412,0.4412,0.445,0.4489,0.4527,0.4565,0.4603,0.4641,0.468,0.4675,0.4669,0.4664,0.4659,0.4654,0.4649,0.4644,0.4639,0.4634,0.4629,0.4624,0.4568,0.4512,0.4455,0.4399,0.4342,0.4285,0.4229,0.4222,0.4215,0.4224,0.4234,0.4243,0.4253,0.4262,0.4272,0.4272,0.4272,0.4272,0.4272,Nigeria,Africa,NG
0.5496,0.5496,0.5496,0.5496,0.5496,0.5496,0.5496,0.5496,0.5496,0.5496,0.5496,0.5496,0.5496,0.5496,0.5496,0.5496,0.5496,0.5496,0.5496,0.5496,0.5496,0.56,0.56,0.5617,0.5563,0.555,0.5525,0.5626,0.5593,0.5468,0.5459,0.5405,0.5316,0.5379,0.5298,0.5311,0.5337,0.5323,0.5323,0.5244,0.5385,0.5241,0.5241,Nicaragua,Americas,NI
0.2827,0.2802,0.2818,0.2904,0.2941,0.2921,0.2949,0.293,0.2938,0.2964,0.2886,0.2869,0.2828,0.2847,0.2939,0.3038,0.3064,0.3086,0.3064,0.3071,0.3061,0.3163,0.3134,0.3161,0.3204,0.3208,0.3201,0.3348,0.3004,0.2979,0.3125,0.3131,0.3089,0.2987,0.309,0.3101,0.308,0.3166,0.3152,0.3086,0.3038,0.3319,0.3314,Netherlands,Europe,NL
0.273,0.2678,0.2638,0.2597,0.2657,0.2687,0.2399,0.2387,0.2283,0.231,0.2346,0.2364,0.2454,0.2631,0.275,0.2751,0.2929,0.3059,0.2837,0.2943,0.3265,0.3024,0.3068,0.314,0.3211,0.3282,0.3353,0.3378,0.3429,0.3106,0.3268,0.3307,0.3334,0.3275,0.3249,0.3104,0.3088,0.3129,0.3233,0.3066,0.2867,0.2525,0.2517,Norway,Europe,NO
0.3381,0.3381,0.3381,0.3381,0.3381,0.3565,0.3726,0.3867,0.3993,0.4106,0.4208,0.4299,0.4383,0.4459,0.4529,0.4593,0.4555,0.452,0.4482,0.4457,0.4426,0.4393,0.4381,0.438,0.4351,0.4331,0.4321,0.4319,0.4249,0.4217,0.4235,0.4209,0.4203,0.4195,0.4178,0.415,0.4146,0.4147,0.4147,0.4147,0.4147,0.3381,0.3381,Nepal,Asia,NP
0.2916,0.2906,0.2954,0.31,0.3027,0.2909,0.279,0.2769,0.2823,0.3047,0.3312,0.3178,0.3308,0.3384,0.3388,0.3385,0.3262,0.3376,0.3549,0.3593,0.3299,0.3403,0.3404,0.3439,0.3444,0.3282,0.3034,0.3013,0.2968,0.3156,0.3121,0.3265,0.3432,0.3326,0.3341,0.339,0.3374,0.345,0.3468,0.346,0.3885,0.3463,0.3463,New Zealand,Oceania,NZ
0.5488,0.5488,0.5488,0.5488,0.5488,0.5488,0.5488,0.5488,0.5488,0.5488,0.5488,0.5488,0.5488,0.5488,0.5488,0.5488,0.5488,0.5488,0.5488,0.5488,0.5488,0.5488,0.5488,0.5488,0.5488,0.5488,0.5488,0.5488,0.5488,0.5488,0.5488,0.5488,0.5488,0.5488,0.5488,0.5488,0.5488,0.5488,0.5488,0.5488,0.5488,0.5488,0.5488,Oman,Asia,OM
0.5496,0.5496,0.5496,0.5496,0.5496,0.5496,0.5496,0.5496,0.5496,0.5496,0.5496,0.5496,0.5496,0.5496,0.5496,0.5496,0.5496,0.5496,0.5496,0.5496,0.5496,0.56,0.56,0.5617,0.5563,0.555,0.5525,0.5626,0.5593,0.5468,0.5459,0.5405,0.5316,0.5379,0.5298,0.5311,0.5337,0.5323,0.5323,0.5244,0.5385,0.5241,0.5241,Panama,Americas,PA
0.5498,0.5498,0.5498,0.5498,0.5498,0.5498,0.5498,0.5498,0.5498,0.5498,0.5498,0.5498,0.5498,0.5498,0.5498,0.5498,0.5498,0.5498,0.5498,0.5498,0.5498,0.6298,0.6251,0.6674,0.6,0.5861,0.6025,0.6061,0.5832,0.5687,0.5696,0.5667,0.5604,0.565,0.5536,0.5705,0.573,0.6082,0.5871,0.5477,0.6105,0.5727,0.5727,Peru,Americas,PE
0.5025,0.5025,0.5025,0.5025,0.5025,0.5025,0.5025,0.5025,0.5025,0.5025,0.5025,0.5025,0.5025,0.5025,0.5025,0.5025,0.5025,0.4995,0.4967,0.494,0.4915,0.4884,0.4857,0.4829,0.4796,0.4768,0.4739,0.4706,0.4663,0.4614,0.4629,0.463,0.4631,0.4629,0.4628,0.4621,0.4627,0.4631,0.463,0.4628,0.4628,0.5025,0.5025,Papua New Guinea,Oceania,PG
0.4942,0.4942,0.4942,0.4942,0.4942,0.4942,0.4906,0.4873,0.4841,0.4947,0.5049,0.5145,0.5094,0.5043,0.5,0.5159,0.5299,0.5425,0.5334,0.5237,0.5154,0.5093,0.5012,0.4922,0.4922,0.4908,0.4888,0.4873,0.4861,0.4867,0.486,0.4843,0.4827,0.4785,0.4737,0.4697,0.4647,0.4594,0.454,0.454,0.454,0.4942,0.4942,Philippines,Asia,PH
0.4394,0.4394,0.4394,0.4394,0.4394,0.4394,0.4394,0.4394,0.4363,0.4333,0.4304,0.429,0.4276,0.4262,0.4248,0.4235,0.4222,0.4412,0.4593,0.4527,0.4452,0.4371,0.4429,0.4491,0.4524,0.4688,0.4547,0.441,0.4329,0.4283,0.4285,0.4322,0.4272,0.4219,0.4322,0.441,0.4362,0.4321,0.4281,0.4281,0.4281,0.4394,0.4394,Pakistan,Asia,PK
0.2272,0.2272,0.2272,0.2272,0.2343,0.2283,0.2298,0.2247,0.2214,0.2352,0.2536,0.2661,0.2638,0.2724,0.2966,0.3195,0.3181,0.316,0.3335,0.3286,0.3467,0.3471,0.3534,0.3657,0.3775,0.3662,0.3746,0.3735,0.3799,0.3675,0.3676,0.3727,0.3698,0.3682,0.3735,0.3805,0.3754,0.372,0.376,0.3736,0.4108,0.3465,0.3459,Poland,Europe,PL
0.5107,0.5107,0.5107,0.5107,0.5107,0.5107,0.5107,0.5107,0.5107,0.5107,0.5107,0.5107,0.5107,0.5107,0.5107,0.5107,0.5107,0.5056,0.5114,0.5127,0.5141,0.5156,0.5173,0.5191,0.5211,0.5296,0.5302,0.5492,0.5383,0.5278,0.5272,0.5107,0.5086,0.5064,0.5044,0.5025,0.5006,0.5006,0.5006,0.5006,0.5006,0.5006,0.5006,Palestine,Asia,PS
0.2877,0.2723,0.2948,0.2989,0.3,0.3078,0.3125,0.3193,0.3208,0.3205,0.3314,0.3445,0.354,0.3678,0.3712,0.3736,0.37,0.3773,0.3762,0.3837,0.3808,0.4008,0.3879,0.3815,0.4026,0.3918,0.3937,0.3925,0.3786,0.3726,0.3777,0.3798,0.3646,0.3697,0.3705,0.3688,0.37,0.373,0.3643,0.3557,0.3487,0.3539,0.356,Portugal,Europe,PT
0.5496,0.5496,0.5496,0.5496,0.5496,0.5496,0.5496,0.5496,0.5496,0.5496,0.5496,0.5496,0.5496,0.5496,0.5496,0.5496,0.5496,0.5496,0.5496,0.5496,0.5496,0.56,0.56,0.5617,0.5563,0.555,0.5525,0.5626,0.5593,0.5468,0.5459,0.5405,0.5316,0.5379,0.5298,0.5311,0.5337,0.5323,0.5323,0.5244,0.5385,0.5241,0.5241,Paraguay,Americas,PY
0.5244,0.5244,0.5244,0.5244,0.5244,0.5244,0.5244,0.5244,0.5244,0.5244,0.5244,0.5244,0.5244,0.5244,0.5244,0.5244,0.5244,0.5244,0.5244,0.5244,0.5244,0.5244,0.5244,0.5244,0.5244,0.5244,0.5244,0.5244,0.527,0.5297,0.5323,0.5351,0.5378,0.5378,0.5378,0.5378,0.5378,0.5378,0.5378,0.5378,0.5378,0.5378,0.5378,Qatar,Asia,QA
0.2494,0.2494,0.2494,0.2494,0.2494,0.2494,0.2494,0.2494,0.2494,0.2494,0.2595,0.2749,0.2785,0.3007,0.3151,0.3701,0.3639,0.3757,0.3858,0.368,0.3622,0.3558,0.3801,0.411,0.4057,0.4156,0.4136,0.4526,0.4511,0.4513,0.4017,0.4025,0.4214,0.4206,0.4279,0.4129,0.3512,0.358,0.368,0.3607,0.3669,0.3577,0.3577,Romania,Europe,RO
0.2978,0.2978,0.2978,0.2978,0.3241,0.3035,0.3059,0.3187,0.3161,0.3064,0.3076,0.3121,0.3159,0.3199,0.324,0.3285,0.3282,0.3287,0.3375,0.323,0.3872,0.3587,0.3625,0.3683,0.38,0.3847,0.3872,0.3964,0.3943,0.3808,0.3844,0.3749,0.3849,0.376,0.3987,0.4204,0.428,0.3722,0.3514,0.3752,0.382,0.3364,0.3375,Serbia,Europe,RS
0.2168,0.2204,0.2238,0.2269,0.2298,0.2324,0.2327,0.233,0.2333,0.2468,0.2395,0.2501,0.3245,0.3421,0.4029,0.423,0.4832,0.4533,0.4344,0.4652,0.4917,0.4986,0.4805,0.4807,0.478,0.4716,0.4904,0.4867,0.516,0.4923,0.4521,0.4774,0.4518,0.47,0.4502,0.4486,0.453,0.4509,0.4598,0.4616,0.5077,0.5077,0.5077,Russian Federation,Asia,RU
0.4013,0.4013,0.4013,0.4013,0.4013,0.4138,0.4263,0.4387,0.4511,0.4635,0.4759,0.4882,0.5006,0.5129,0.5252,0.5374,0.5497,0.5619,0.5741,0.5863,0.5984,0.6045,0.6106,0.6166,0.6227,0.6287,0.6209,0.6132,0.6054,0.5976,0.5898,0.5831,0.5764,0.5697,0.5596,0.5495,0.5394,0.5394,0.5394,0.5394,0.5394,0.5394,0.5394,Rwanda,Africa,RW
0.5555,0.5555,0.5555,0.5555,0.5555,0.5555,0.5555,0.5555,0.5555,0.5555,0.5555,0.5555,0.5555,0.5555,0.5555,0.5555,0.5551,0.5547,0.5544,0.5542,0.554,0.5538,0.5537,0.5536,0.5535,0.5535,0.5546,0.5558,0.5575,0.5595,0.5555,0.5517,0.548,0.5436,0.5452,0.5455,0.545,0.5445,0.5441,0.5441,0.5441,0.5441,0.5441,Saudi Arabia,Asia,SA
0.5271,0.5271,0.5271,0.5271,0.5271,0.5271,0.5271,0.5271,0.5271,0.5271,0.5271,0.5271,0.5271,0.5271,0.5271,0.5271,0.5271,0.5271,0.5271,0.5271,0.5262,0.5253,0.5244,0.5235,0.5227,0.5218,0.5209,0.5209,0.5209,0.5209,0.5209,0.5209,0.5209,0.5209,0.5209,0.5209,0.5209,0.5209,0.5209,0.5209,0.5209,0.5209,0.5209,Seychelles,Africa,SC
0.4251,0.4251,0.4251,0.4251,0.4251,0.4251,0.4251,0.4251,0.4251,0.4251,0.4251,0.4251,0.4251,0.4251,0.4251,0.4251,0.4251,0.4251,0.4251,0.4251,0.4251,0.4251,0.4251,0.4251,0.4251,0.4251,0.4251,0.4251,0.4251,0.4251,0.4302,0.4352,0.4403,0.4453,0.4504,0.4504,0.4504,0.4504,0.4504,0.4504,0.4504,0.4504,0.4504,Sudan,Africa,SD
0.2348,0.2351,0.2458,0.2492,0.2639,0.2654,0.26,0.2654,0.2716,0.2601,0.2444,0.2494,0.2478,0.258,0.2844,0.2947,0.2833,0.2943,0.295,0.2973,0.2712,0.259,0.2626,0.2733,0.2936,0.323,0.3329,0.3251,0.3149,0.3023,0.314,0.3074,0.297,0.2965,0.2983,0.3067,0.2899,0.2994,0.2925,0.3016,0.3179,0.3365,0.3375,Sweden,Europe,SE
0.3553,0.3561,0.3649,0.356,0.3509,0.3696,0.3628,0.3853,0.3679,0.3743,0.3766,0.3584,0.3545,0.3541,0.336,0.3345,0.3511,0.3516,0.3704,0.4055,0.4199,0.464,0.4615,0.4471,0.425,0.4167,0.4296,0.4193,0.4674,0.448,0.4336,0.4512,0.4497,0.4526,0.4617,0.4624,0.4628,0.4628,0.4628,0.4628,0.3289,0.3289,0.3289,Singapore,Asia,SG
0.2278,0.2278,0.2278,0.2278,0.2278,0.2278,0.2278,0.2278,0.2278,0.2278,0.2278,0.2284,0.2426,0.2721,0.2661,0.2831,0.2896,0.3077,0.3067,0.3169,0.3051,0.3009,0.3066,0.3165,0.3061,0.3014,0.271,0.2746,0.2736,0.2631,0.2968,0.2895,0.2936,0.2924,0.299,0.2918,0.2947,0.295,0.2964,0.2944,0.2996,0.3065,0.3065,Slovenia,Europe,SI
0.2291,0.2262,0.2266,0.2254,0.225,0.2242,0.2259,0.2297,0.2338,0.235,0.2362,0.2574,0.238,0.2458,0.2504,0.2516,0.2551,0.2592,0.2694,0.2791,0.2789,0.2951,0.2966,0.2898,0.3116,0.3079,0.3115,0.3081,0.2939,0.2837,0.3169,0.3,0.2936,0.3231,0.2975,0.3139,0.2915,0.2718,0.2724,0.2626,0.2658,0.2686,0.2598,Slovakia,Europe,SK
0.5937,0.5937,0.5937,0.5937,0.5937,0.5937,0.5937,0.5937,0.5937,0.5937,0.5864,0.579,0.5716,0.5642,0.5569,0.5495,0.542,0.5346,0.5272,0.5197,0.5123,0.5048,0.4973,0.4898,0.4823,0.4748,0.4673,0.4597,0.4522,0.4446,0.4371,0.4295,0.4353,0.4411,0.4469,0.4527,0.4584,0.4642,0.47,0.47,0.47,0.47,0.47,Sierra Leone,Africa,SL
0.6104,0.6104,0.6104,0.6104,0.6104,0.6104,0.6104,0.6104,0.6104,0.6104,0.6104,0.6104,0.5808,0.5512,0.5213,0.5209,0.5204,0.52,0.5195,0.5191,0.5186,0.5182,0.5056,0.493,0.4803,0.4677,0.4693,0.4709,0.4724,0.474,0.4755,0.4771,0.4772,0.4774,0.4775,0.4776,0.4778,0.4779,0.478,0.478,0.478,0.478,0.478,Senegal,Africa,SN
0.4406,0.4406,0.4406,0.4406,0.4406,0.4406,0.4406,0.4406,0.4406,0.4406,0.4406,0.4406,0.4406,0.4406,0.4406,0.4406,0.4406,0.4406,0.4406,0.4406,0.4406,0.4406,0.4406,0.4406,0.4406,0.4406,0.4406,0.4406,0.4406,0.4406,0.4406,0.4406,0.4406,0.4406,0.4406,0.4406,0.4406,0.4406,0.4406,0.4406,0.4406,0.4406,0.4406,Somalia,Africa,SO
0.5496,0.5496,0.5496,0.5496,0.5496,0.5496,0.5496,0.5496,0.5496,0.5496,0.5496,0.5496,0.5496,0.5496,0.5496,0.5496,0.5496,0.5496,0.5496,0.5496,0.5496,0.56,0.56,0.5617,0.5563,0.555,0.5525,0.5626,0.5593,0.5468,0.5459,0.5405,0.5316,0.5379,0.5298,0.5311,0.5337,0.5323,0.5323,0.5244,0.5385,0.5241,0.5241,Suriname,Americas,SR
0.4939,0.4939,0.4939,0.4939,0.4939,0.4939,0.4939,0.4939,0.4939,0.4939,0.4939,0.4939,0.4939,0.4939,0.4939,0.4939,0.4939,0.4939,0.4939,0.4939,0.4939,0.4939,0.4939,0.4939,0.4939,0.4939,0.4939,0.4939,0.4939,0.4939,0.4948,0.4957,0.4965,0.4974,0.4983,0.4992,0.5001,0.5001,0.5001,0.5001,0.5001,0.5001,0.5001,South Sudan,Africa,SS
0.3969,0.3969,0.3969,0.3969,0.3969,0.3969,0.3969,0.3969,0.3969,0.3969,0.3969,0.3969,0.3969,0.3969,0.3969,0.3969,0.3969,0.3969,0.3969,0.3969,0.3969,0.3966,0.3962,0.3959,0.3956,0.3953,0.395,0.3947,0.3944,0.3941,0.3938,0.3938,0.3938,0.3938,0.3938,0.3938,0.3938,0.3938,0.3938,0.3938,0.3938,0.3938,0.3938,Sao Tome and Principe,Africa,ST
0.5065,0.5065,0.5065,0.5065,0.5065,0.5065,0.5065,0.5065,0.5065,0.5065,0.5065,0.5065,0.5065,0.5065,0.5065,0.5065,0.5065,0.5065,0.5065,0.5065,0.5065,0.5065,0.5086,0.4938,0.5015,0.5253,0.4996,0.5135,0.5074,0.5012,0.4722,0.4681,0.4641,0.5247,0.512,0.4706,0.4871,0.4351,0.4377,0.4438,0.4903,0.427,0.427,El Salvador,Americas,SV
0.5346,0.5346,0.5346,0.5346,0.5346,0.5346,0.5346,0.5346,0.5346,0.5346,0.5346,0.5346,0.5346,0.5346,0.5346,0.5346,0.5346,0.5356,0.5367,0.5377,0.5388,0.5399,0.541,0.5422,0.5425,0.5425,0.5425,0.5425,0.5425,0.5425,0.5425,0.5425,0.5425,0.5425,0.5425,0.5425,0.5425,0.5425,0.5425,0.5425,0.5425,0.5425,0.5425,Syrian Arab Republic,Asia,SY
0.6768,0.6768,0.6768,0.6768,0.6768,0.6768,0.6768,0.6768,0.6768,0.6768,0.6768,0.6768,0.6768,0.6768,0.6768,0.6677,0.6587,0.6496,0.6404,0.6313,0.6222,0.6167,0.6112,0.6057,0.6002,0.5947,0.5893,0.5838,0.5783,0.5728,0.5765,0.5803,0.584,0.5877,0.5914,0.5951,0.5988,0.5988,0.5988,0.5988,0.5988,0.5988,0.5988,Swaziland,Africa,SZ
0.4774,0.4774,0.4774,0.4774,0.4774,0.4774,0.4774,0.4774,0.4774,0.4774,0.4774,0.4774,0.4774,0.4774,0.4774,0.4774,0.4774,0.4774,0.4774,0.4774,0.4774,0.4774,0.4774,0.4774,0.4794,0.4813,0.4833,0.4852,0.4872,0.4891,0.491,0.493,0.4893,0.4857,0.482,0.4783,0.4747,0.471,0.4673,0.4673,0.4673,0.4673,0.4673,Chad,Africa,TD
0.4959,0.4959,0.4959,0.4959,0.4959,0.4959,0.4959,0.4959,0.4959,0.4959,0.4959,0.4959,0.4959,0.4959,0.4959,0.4959,0.4959,0.4959,0.4959,0.4959,0.4959,0.4959,0.4959,0.4959,0.4959,0.4959,0.4959,0.4996,0.5033,0.507,0.5107,0.5144,0.5058,0.4971,0.4884,0.4798,0.4866,0.4935,0.5003,0.5003,0.5003,0.5003,0.5003,Togo,Africa,TG
0.5597,0.5597,0.5607,0.5616,0.5623,0.5631,0.5637,0.5643,0.5649,0.5683,0.5706,0.5803,0.5883,0.5732,0.5603,0.5557,0.5523,0.54,0.5286,0.5469,0.5471,0.5617,0.5486,0.5658,0.5519,0.5487,0.5452,0.5417,0.5534,0.531,0.5531,0.5377,0.5459,0.5178,0.5292,0.5029,0.5072,0.5293,0.5048,0.4806,0.4983,0.5175,0.5175,Thailand,Asia,TH
0.3812,0.3812,0.3812,0.3812,0.3812,0.3812,0.3812,0.3812,0.3812,0.3812,0.3812,0.3812,0.3812,0.3812,0.3812,0.3812,0.3812,0.3812,0.3812,0.3812,0.3915,0.4028,0.4131,0.418,0.4215,0.4232,0.4195,0.4143,0.4106,0.4072,0.4086,0.4074,0.411,0.4123,0.4096,0.4072,0.4185,0.4217,0.4223,0.4223,0.4223,0.3812,0.3812,Tajikistan,Asia,TJ
0.463,0.463,0.463,0.463,0.463,0.463,0.463,0.463,0.463,0.463,0.463,0.463,0.463,0.463,0.463,0.463,0.463,0.463,0.463,0.463,0.463,0.463,0.451,0.4392,0.4306,0.4209,0.4109,0.4024,0.4047,0.4089,0.4107,0.4111,0.4101,0.4109,0.413,0.4126,0.413,0.4126,0.4118,0.4118,0.4118,0.463,0.463,Timor-Leste,Asia,TL
0.4799,0.4799,0.4799,0.4799,0.4799,0.4799,0.4799,0.4799,0.4799,0.4799,0.4799,0.4799,0.4799,0.4799,0.4799,0.4799,0.4799,0.4799,0.4799,0.4802,0.4807,0.4821,0.4836,0.4828,0.4796,0.4838,0.4841,0.483,0.4859,0.4885,0.4878,0.4861,0.4866,0.4861,0.4839,0.4818,0.4872,0.4887,0.4889,0.4889,0.4889,0.4799,0.4799,Turkmenistan,Asia,TM
0.5155,0.5155,0.5155,0.5155,0.5155,0.5155,0.5064,0.4973,0.4882,0.4792,0.4701,0.4741,0.478,0.482,0.486,0.49,0.4896,0.4892,0.4888,0.4884,0.488,0.4815,0.475,0.4685,0.462,0.4555,0.45,0.4444,0.4388,0.4333,0.4277,0.4249,0.4221,0.4193,0.4165,0.4137,0.4137,0.4137,0.4137,0.4137,0.4137,0.4137,0.4137,Tunisia,Africa,TN
0.5968,0.5968,0.5968,0.5968,0.5968,0.5968,0.5968,0.5968,0.5896,0.5824,0.5753,0.5682,0.5611,0.5541,0.5472,0.5478,0.5484,0.549,0.5496,0.5502,0.5508,0.5514,0.5519,0.5457,0.5271,0.502,0.4922,0.4838,0.4956,0.5127,0.5077,0.5101,0.5105,0.5051,0.5137,0.5208,0.5239,0.5317,0.532,0.5144,0.5303,0.5168,0.5168,Turkey,Asia,TR
0.5496,0.5496,0.5496,0.5496,0.5496,0.5496,0.5496,0.5496,0.5496,0.5496,0.5496,0.5496,0.5496,0.5496,0.5496,0.5496,0.5496,0.5496,0.5496,0.5496,0.5496,0.56,0.56,0.5617,0.5563,0.555,0.5525,0.5626,0.5593,0.5468,0.5459,0.5405,0.5316,0.5379,0.5298,0.5311,0.5337,0.5323,0.5323,0.5244,0.5385,0.5241,0.5241,Trinidad and Tobago,Americas,TT
0.3492,0.3492,0.3545,0.3548,0.3541,0.3633,0.3574,0.3616,0.3593,0.3654,0.3703,0.3757,0.3671,0.3667,0.3805,0.3874,0.3834,0.3889,0.3983,0.4053,0.4181,0.44,0.4385,0.4579,0.4609,0.4663,0.4614,0.4675,0.4487,0.4607,0.4826,0.4736,0.4697,0.4708,0.493,0.4732,0.491,0.4812,0.4812,0.4812,0.4812,0.4812,0.4812,Taiwan,Asia,TW
0.4313,0.4313,0.4313,0.4313,0.4313,0.4313,0.4313,0.4313,0.4313,0.4313,0.4313,0.4313,0.4339,0.4364,0.439,0.4415,0.4441,0.4466,0.4491,0.4517,0.4542,0.46,0.4658,0.4717,0.4775,0.4833,0.4891,0.4949,0.4932,0.4915,0.4899,0.4882,0.4924,0.4967,0.5009,0.5052,0.5094,0.5137,0.5137,0.5137,0.5137,0.5137,0.5137,Tanzania,Africa,TZ
0.3826,0.3826,0.3826,0.3826,0.3826,0.3826,0.3826,0.3826,0.3826,0.3826,0.3826,0.3826,0.3826,0.3897,0.3988,0.4249,0.3786,0.3558,0.3246,0.3093,0.3238,0.3424,0.3417,0.353,0.3593,0.3445,0.3601,0.3409,0.3346,0.3161,0.3042,0.3015,0.3014,0.3016,0.3022,0.3212,0.3339,0.3305,0.3286,0.3308,0.3308,0.3826,0.3826,Ukraine,Asia,UA
0.5047,0.5047,0.5047,0.5047,0.5047,0.5047,0.5047,0.5047,0.5047,0.5047,0.51,0.5152,0.5205,0.5126,0.5047,0.4968,0.4889,0.5033,0.5177,0.5321,0.5427,0.5533,0.5639,0.5511,0.5383,0.5254,0.531,0.5366,0.5421,0.5477,0.5332,0.5188,0.5043,0.5084,0.5125,0.5166,0.5207,0.5232,0.5257,0.5282,0.5282,0.5282,0.5282,Uganda,Africa,UG
0.3384,0.3433,0.346,0.3536,0.3649,0.3655,0.3634,0.3747,0.3924,0.3878,0.3876,0.3832,0.3941,0.391,0.3913,0.399,0.408,0.4155,0.4192,0.4228,0.4273,0.4194,0.4149,0.4164,0.4242,0.4359,0.4429,0.4404,0.4356,0.4245,0.4381,0.4426,0.4559,0.449,0.4558,0.455,0.4536,0.4546,0.4581,0.4567,0.4649,0.4785,0.4827,USA,Americas,US
0.4974,0.4974,0.4974,0.4974,0.4974,0.4974,0.4974,0.4974,0.4974,0.4974,0.4974,0.4974,0.4974,0.4974,0.4974,0.4974,0.4974,0.4974,0.4974,0.4974,0.4974,0.5104,0.5046,0.527,0.5175,0.4987,0.5058,0.513,0.5192,0.4787,0.4655,0.4465,0.4135,0.4344,0.4292,0.4386,0.4295,0.4484,0.4413,0.4344,0.4468,0.4717,0.4717,Uruguay,Americas,UY
0.483,0.483,0.483,0.483,0.483,0.483,0.483,0.483,0.483,0.483,0.483,0.483,0.483,0.483,0.483,0.483,0.483,0.483,0.483,0.469,0.455,0.4516,0.448,0.4547,0.4547,0.4547,0.4547,0.4547,0.4547,0.4547,0.4547,0.4547,0.4547,0.4547,0.4547,0.4547,0.452,0.4553,0.4553,0.4553,0.4553,0.483,0.483,Uzbekistan,Asia,UZ
0.5496,0.5496,0.5496,0.5496,0.5496,0.5496,0.5496,0.5496,0.5496,0.5496,0.5496,0.5496,0.5496,0.5496,0.5496,0.5496,0.5496,0.5496,0.5496,0.5496,0.5496,0.56,0.56,0.5617,0.5563,0.555,0.5525,0.5626,0.5593,0.5468,0.5459,0.5405,0.5316,0.5379,0.5298,0.5311,0.5337,0.5323,0.5323,0.5244,0.5385,0.5241,,Venezuela,Americas,VE
0.4582,0.4582,0.4582,0.4582,0.4582,0.4582,0.4582,0.4582,0.4582,0.4582,0.4582,0.4582,0.4582,0.4596,0.4615,0.4627,0.4632,0.4641,0.464,0.466,0.4706,0.4737,0.4747,0.4675,0.4629,0.4537,0.4444,0.447,0.4497,0.468,0.4826,0.4622,0.4429,0.4383,0.4352,0.4365,0.4383,0.438,0.4375,0.4375,0.4375,0.4582,0.4582,Viet Nam,Asia,VN
0.5511,0.5511,0.5511,0.5511,0.5511,0.5511,0.5511,0.5511,0.5511,0.5511,0.5511,0.5511,0.5511,0.5511,0.5511,0.5511,0.5511,0.5511,0.5511,0.5567,0.5624,0.568,0.5736,0.5791,0.5847,0.5901,0.5956,0.5941,0.5926,0.591,0.5893,0.5875,0.5856,0.5837,0.5816,0.5816,0.5816,0.5816,0.5816,0.5816,0.5816,0.5816,0.5816,Yemen,Asia,YE
0.471,0.471,0.471,0.471,0.471,0.471,0.471,0.471,0.471,0.471,0.471,0.4911,0.4871,0.4627,0.4731,0.4835,0.4939,0.5042,0.5145,0.5247,0.5349,0.5466,0.5584,0.5708,0.5735,0.5906,0.6007,0.6197,0.6006,0.5929,0.6143,0.6243,0.6544,0.6542,0.6541,0.6541,0.6541,0.6541,0.6541,0.6541,0.6541,0.6541,0.6541,South Africa,Africa,ZA
0.5881,0.5881,0.5881,0.5881,0.5881,0.5881,0.5881,0.5881,0.5881,0.5881,0.5881,0.5881,0.5754,0.5627,0.5584,0.5542,0.5499,0.555,0.56,0.55,0.54,0.53,0.52,0.5625,0.6047,0.6061,0.6074,0.6137,0.62,0.6262,0.6325,0.6294,0.6264,0.6234,0.6204,0.6174,0.6174,0.6174,0.6174,0.6174,0.6174,0.6174,0.6174,Zambia,Africa,ZM
0.5133,0.5133,0.5133,0.5133,0.5133,0.5133,0.5133,0.5133,0.5133,0.5133,0.5133,0.5133,0.5133,0.5133,0.5133,0.5133,0.5133,0.5133,0.5133,0.5133,0.5133,0.5133,0.5133,0.5133,0.5133,0.5133,0.5133,0.5133,0.5133,0.5133,0.5133,0.5133,0.5154,0.5174,0.5195,0.5216,0.5236,0.5257,0.5577,0.5895,0.5895,0.5895,0.5895,Zimbabwe,Africa,ZW