year,country,p0p50,p90p100,p99p100
1996,AL,0.2011,0.2997,0.0679
1997,AL,0.198,0.3053,0.0711
1998,AL,0.1954,0.3086,0.0727
1999,AL,0.1935,0.3105,0.0739
2000,AL,0.1938,0.3083,0.0716
2001,AL,0.1936,0.309,0.0709
2002,AL,0.1919,0.3113,0.0724
2003,AL,0.1933,0.3111,0.0729
2004,AL,0.1959,0.3077,0.0717
2005,AL,0.1971,0.3063,0.0712
2006,AL,0.1966,0.3046,0.0705
2007,AL,0.1977,0.3012,0.0698
2008,AL,0.1977,0.3053,0.0729
2009,AL,0.1997,0.3036,0.0722
2010,AL,0.2003,0.3046,0.0724
2011,AL,0.2001,0.3077,0.0736
2012,AL,0.2,0.3091,0.0746
2013,AL,0.1967,0.3163,0.0768
2014,AL,0.1908,0.3232,0.078
2015,AL,0.1969,0.3179,0.0769
2016,AL,0.1892,0.3198,0.0751
2017,AL,0.1943,0.3157,0.0739
2018,AL,0.1988,0.3106,0.0721
2019,AL,0.2008,0.3139,0.0764
2020,AL,0.2007,0.3133,0.0757
2021,AL,0.2007,0.3135,0.0759
1980,AT,0.3014,0.2772,0.0961
1981,AT,0.3003,0.2784,0.0965
1982,AT,0.2992,0.2794,0.096
1983,AT,0.2994,0.2792,0.0961
1984,AT,0.297,0.2846,0.1
1985,AT,0.2964,0.2817,0.0985
1986,AT,0.294,0.2839,0.0995
1987,AT,0.3113,0.2734,0.0917
1988,AT,0.308,0.2777,0.0942
1989,AT,0.2993,0.2817,0.0958
1990,AT,0.3046,0.2727,0.0904
1991,AT,0.2964,0.2895,0.1033
1992,AT,0.3018,0.2788,0.0974
1993,AT,0.2963,0.2934,0.1078
1994,AT,0.2939,0.2866,0.1022
1995,AT,0.2914,0.2804,0.097
1996,AT,0.2933,0.2796,0.0957
1997,AT,0.2987,0.2765,0.0929
1998,AT,0.2955,0.2869,0.1015
1999,AT,0.2984,0.2788,0.0942
2000,AT,0.2959,0.2908,0.1046
2001,AT,0.3031,0.277,0.0943
2002,AT,0.2945,0.2926,0.1039
2003,AT,0.2819,0.3109,0.1149
2004,AT,0.2948,0.2902,0.1051
2005,AT,0.2842,0.3062,0.1023
2006,AT,0.2733,0.3281,0.1241
2007,AT,0.28,0.3061,0.1018
2008,AT,0.284,0.3079,0.1125
2009,AT,0.288,0.2898,0.0955
2010,AT,0.2868,0.2969,0.1036
2011,AT,0.2904,0.2899,0.1008
2012,AT,0.2979,0.2704,0.0713
2013,AT,0.3017,0.2712,0.0792
2014,AT,0.2963,0.2887,0.1011
2015,AT,0.3034,0.2736,0.0878
2016,AT,0.2934,0.2905,0.1016
2017,AT,0.3017,0.2821,0.0917
2018,AT,0.2938,0.2894,0.0963
2019,AT,0.3023,0.2753,0.0839
2020,AT,0.2913,0.3001,0.1036
2021,AT,0.2923,0.2978,0.1018
1980,BA,0.2769,0.2492,0.0647
1981,BA,0.2769,0.2492,0.0647
1982,BA,0.2769,0.2492,0.0647
1983,BA,0.2769,0.2491,0.0647
1984,BA,0.2716,0.2565,0.0688
1985,BA,0.273,0.2522,0.066
1986,BA,0.2694,0.2465,0.0591
1987,BA,0.269,0.2547,0.0657
1988,BA,0.2553,0.2666,0.0702
1989,BA,0.2741,0.2433,0.0588
1990,BA,0.2766,0.2416,0.0587
1991,BA,0.2697,0.2483,0.0607
1992,BA,0.2623,0.256,0.0637
1993,BA,0.2547,0.2642,0.0672
1994,BA,0.2472,0.2725,0.0713
1995,BA,0.2394,0.2816,0.0759
1996,BA,0.2327,0.2864,0.0768
1997,BA,0.2257,0.2918,0.0781
1998,BA,0.2184,0.2995,0.0818
1999,BA,0.2122,0.3015,0.0796
2000,BA,0.2058,0.3058,0.08
2001,BA,0.1984,0.3127,0.0827
2002,BA,0.2016,0.3136,0.0775
2003,BA,0.198,0.318,0.0776
2004,BA,0.1998,0.318,0.0729
2005,BA,0.2008,0.316,0.0725
2006,BA,0.201,0.3137,0.0702
2007,BA,0.2004,0.3148,0.0707
2008,BA,0.2016,0.3156,0.0717
2009,BA,0.2023,0.3155,0.0718
2010,BA,0.2023,0.3164,0.0737
2011,BA,0.2026,0.3185,0.0769
2012,BA,0.203,0.3177,0.0773
2013,BA,0.2021,0.3188,0.0786
2014,BA,0.2024,0.3182,0.0787
2015,BA,0.2041,0.3183,0.0787
2016,BA,0.2049,0.3171,0.0779
2017,BA,0.2045,0.3189,0.0798
2018,BA,0.2047,0.3173,0.078
2019,BA,0.2054,0.3149,0.0758
2020,BA,0.2053,0.3143,0.075
2021,BA,0.2053,0.3146,0.0753
1980,BE,0.2544,0.2723,0.0583
1981,BE,0.2578,0.2689,0.0564
1982,BE,0.2659,0.2637,0.0577
1983,BE,0.2627,0.2561,0.0497
1984,BE,0.2639,0.2524,0.0474
1985,BE,0.2637,0.2554,0.0525
1986,BE,0.2579,0.26,0.0527
1987,BE,0.2552,0.2715,0.0583
1988,BE,0.2523,0.2751,0.0632
1989,BE,0.2393,0.2864,0.0652
1990,BE,0.247,0.2702,0.0617
1991,BE,0.2521,0.2627,0.0556
1992,BE,0.2478,0.2663,0.0576
1993,BE,0.2468,0.2645,0.0555
1994,BE,0.2451,0.2706,0.0577
1995,BE,0.249,0.2685,0.056
1996,BE,0.2468,0.27,0.0565
1997,BE,0.2498,0.2739,0.0612
1998,BE,0.2408,0.2797,0.0593
1999,BE,0.242,0.2754,0.0574
2000,BE,0.237,0.2771,0.0578
2001,BE,0.2436,0.2717,0.0572
2002,BE,0.2414,0.2764,0.0595
2003,BE,0.2412,0.2679,0.0544
2004,BE,0.2416,0.2809,0.0639
2005,BE,0.2436,0.2806,0.0646
2006,BE,0.2434,0.2861,0.0678
2007,BE,0.2423,0.2973,0.0758
2008,BE,0.2566,0.2749,0.0627
2009,BE,0.2453,0.2835,0.0656
2010,BE,0.2482,0.2711,0.0586
2011,BE,0.2507,0.2728,0.0606
2012,BE,0.2518,0.2719,0.0593
2013,BE,0.2514,0.2701,0.0575
2014,BE,0.2526,0.2725,0.0597
2015,BE,0.2462,0.2773,0.062
2016,BE,0.2475,0.2779,0.0625
2017,BE,0.2488,0.2727,0.0599
2018,BE,0.258,0.2677,0.0584
2019,BE,0.2557,0.2713,0.0604
2020,BE,0.2568,0.2694,0.0592
2021,BE,0.2568,0.2695,0.0594
1980,BG,0.3056,0.2009,0.0313
1981,BG,0.3102,0.2031,0.0329
1982,BG,0.2988,0.2299,0.0497
1983,BG,0.3025,0.2297,0.0496
1984,BG,0.3059,0.2229,0.0469
1985,BG,0.3121,0.209,0.0385
1986,BG,0.3266,0.1931,0.0307
1987,BG,0.3308,0.1706,0.0209
1988,BG,0.3219,0.1673,0.0201
1989,BG,0.3167,0.2124,0.0411
1990,BG,0.3005,0.2359,0.0502
1991,BG,0.2727,0.2673,0.0681
1992,BG,0.2544,0.2944,0.0825
1993,BG,0.2354,0.3112,0.0893
1994,BG,0.2176,0.3537,0.1184
1995,BG,0.2109,0.369,0.1305
1996,BG,0.2244,0.346,0.1161
1997,BG,0.2263,0.3356,0.1072
1998,BG,0.2342,0.3184,0.0964
1999,BG,0.2397,0.3096,0.093
2000,BG,0.2362,0.3042,0.0861
2001,BG,0.2272,0.3218,0.1009
2002,BG,0.2115,0.3466,0.1143
2003,BG,0.2192,0.3271,0.101
2004,BG,0.2193,0.328,0.1019
2005,BG,0.2115,0.334,0.1056
2006,BG,0.1991,0.3332,0.0995
2007,BG,0.2116,0.3108,0.076
2008,BG,0.218,0.3081,0.073
2009,BG,0.2191,0.3279,0.1019
2010,BG,0.2154,0.3301,0.1039
2011,BG,0.2152,0.3345,0.1112
2012,BG,0.204,0.3567,0.1234
2013,BG,0.2165,0.3398,0.1116
2014,BG,0.207,0.357,0.1211
2015,BG,0.2042,0.3622,0.1281
2016,BG,0.1908,0.4012,0.1627
2017,BG,0.19,0.4127,0.1762
2018,BG,0.1902,0.4187,0.1794
2019,BG,0.198,0.393,0.151
2020,BG,0.1977,0.3936,0.1516
2021,BG,0.1978,0.3936,0.1515
1980,CH,0.2561,0.2899,0.0873
1981,CH,0.2559,0.2899,0.0873
1982,CH,0.2562,0.291,0.0886
1983,CH,0.2548,0.2926,0.0975
1984,CH,0.2541,0.293,0.096
1985,CH,0.2485,0.3033,0.1037
1986,CH,0.2527,0.2934,0.0967
1987,CH,0.2559,0.2893,0.0944
1988,CH,0.253,0.2892,0.0948
1989,CH,0.2574,0.2855,0.0935
1990,CH,0.2514,0.286,0.0922
1991,CH,0.2498,0.296,0.0854
1992,CH,0.2531,0.2851,0.0865
1993,CH,0.253,0.2814,0.087
1994,CH,0.2561,0.2821,0.0903
1995,CH,0.2595,0.2805,0.0893
1996,CH,0.2546,0.292,0.0938
1997,CH,0.2518,0.2978,0.0991
1998,CH,0.2464,0.3066,0.099
1999,CH,0.2494,0.2964,0.0974
2000,CH,0.2493,0.3092,0.1062
2001,CH,0.2521,0.2872,0.0794
2002,CH,0.2586,0.2747,0.0684
2003,CH,0.2534,0.2897,0.0902
2004,CH,0.249,0.2989,0.0902
2005,CH,0.2399,0.3119,0.1076
2006,CH,0.2336,0.3309,0.1199
2007,CH,0.2349,0.3194,0.1067
2008,CH,0.2248,0.3028,0.0909
2009,CH,0.2444,0.2977,0.0933
2010,CH,0.2387,0.3133,0.1039
2011,CH,0.2455,0.3014,0.0907
2012,CH,0.2479,0.303,0.0973
2013,CH,0.2485,0.3015,0.0913
2014,CH,0.2485,0.3004,0.0949
2015,CH,0.2495,0.3006,0.0972
2016,CH,0.246,0.2981,0.0951
2017,CH,0.2448,0.2964,0.0931
2018,CH,0.2427,0.2948,0.0912
2019,CH,0.2418,0.294,0.0899
2020,CH,0.2369,0.2934,0.0879
2021,CH,0.2374,0.2934,0.0881
1990,CY,0.2128,0.3346,0.0999
1991,CY,0.2127,0.3338,0.0993
1992,CY,0.2149,0.3306,0.098
1993,CY,0.2164,0.328,0.0971
1994,CY,0.2163,0.3287,0.0982
1995,CY,0.2162,0.33,0.0996
1996,CY,0.219,0.3196,0.0926
1997,CY,0.221,0.3075,0.0843
1998,CY,0.2052,0.3626,0.1251
1999,CY,0.2277,0.3056,0.0845
2000,CY,0.2367,0.2872,0.0726
2001,CY,0.229,0.2994,0.0809
2002,CY,0.2174,0.3258,0.0982
2003,CY,0.2215,0.3178,0.093
2004,CY,0.2337,0.278,0.0625
2005,CY,0.2203,0.2867,0.0671
2006,CY,0.1853,0.314,0.086
2007,CY,0.0909,0.3353,0.0823
2008,CY,0.2317,0.2974,0.0816
2009,CY,0.2239,0.3052,0.0774
2010,CY,0.2276,0.2932,0.069
2011,CY,0.2077,0.3306,0.0963
2012,CY,0.2061,0.3365,0.104
2013,CY,0.1915,0.372,0.1322
2014,CY,0.2077,0.3295,0.0959
2015,CY,0.2118,0.3231,0.0929
2016,CY,0.2235,0.311,0.085
2017,CY,0.241,0.2967,0.0748
2018,CY,0.2363,0.317,0.0986
2019,CY,0.2533,0.2819,0.0648
2020,CY,0.2527,0.2825,0.0651
2021,CY,0.2527,0.2825,0.0651
1980,CZ,0.3785,0.157,0.0217
1981,CZ,0.3801,0.1575,0.0213
1982,CZ,0.3832,0.1557,0.0211
1983,CZ,0.3831,0.1553,0.0212
1984,CZ,0.3853,0.1542,0.0211
1985,CZ,0.3856,0.1537,0.021
1986,CZ,0.3839,0.1558,0.0223
1987,CZ,0.3839,0.1569,0.0237
1988,CZ,0.3829,0.1585,0.0247
1989,CZ,0.3843,0.1655,0.0295
1990,CZ,0.3772,0.1758,0.037
1991,CZ,0.3765,0.1885,0.046
1992,CZ,0.3546,0.2136,0.0646
1993,CZ,0.3316,0.2456,0.0831
1994,CZ,0.3191,0.2574,0.0938
1995,CZ,0.3204,0.2486,0.0837
1996,CZ,0.3129,0.2613,0.0906
1997,CZ,0.3244,0.2396,0.0757
1998,CZ,0.3163,0.2552,0.0888
1999,CZ,0.3195,0.2499,0.0839
2000,CZ,0.3183,0.2577,0.089
2001,CZ,0.3218,0.2522,0.087
2002,CZ,0.3273,0.2402,0.0772
2003,CZ,0.323,0.2419,0.0786
2004,CZ,0.3212,0.246,0.0803
2005,CZ,0.3248,0.2467,0.0855
2006,CZ,0.3166,0.2498,0.0798
2007,CZ,0.3176,0.2506,0.0862
2008,CZ,0.3067,0.2716,0.1084
2009,CZ,0.3162,0.2485,0.0847
2010,CZ,0.3104,0.2485,0.0788
2011,CZ,0.3224,0.2373,0.0709
2012,CZ,0.3188,0.2412,0.0695
2013,CZ,0.3238,0.2483,0.0808
2014,CZ,0.3144,0.2506,0.0776
2015,CZ,0.3092,0.2622,0.0919
2016,CZ,0.3126,0.2544,0.087
2017,CZ,0.3093,0.2582,0.0896
2018,CZ,0.3119,0.2532,0.0859
2019,CZ,0.3124,0.2521,0.0848
2020,CZ,0.311,0.255,0.0869
2021,CZ,0.3111,0.2547,0.0867
1980,DE,0.2763,0.2536,0.048
1981,DE,0.2765,0.2522,0.0464
1982,DE,0.2786,0.2527,0.052
1983,DE,0.2807,0.2481,0.059
1984,DE,0.2766,0.2596,0.0635
1985,DE,0.2761,0.2496,0.0584
1986,DE,0.2885,0.2498,0.0535
1987,DE,0.2683,0.2596,0.0673
1988,DE,0.2739,0.2759,0.0752
1989,DE,0.262,0.285,0.0794
1990,DE,0.2555,0.2975,0.0857
1991,DE,0.2575,0.2636,0.0662
1992,DE,0.2585,0.2645,0.0668
1993,DE,0.269,0.2353,0.0506
1994,DE,0.2747,0.242,0.0541
1995,DE,0.2695,0.2584,0.0553
1996,DE,0.2799,0.2559,0.0529
1997,DE,0.272,0.2556,0.0544
1998,DE,0.268,0.2574,0.0563
1999,DE,0.2697,0.2656,0.0592
2000,DE,0.2607,0.2724,0.0608
2001,DE,0.2729,0.2684,0.0538
2002,DE,0.2566,0.2748,0.0598
2003,DE,0.2744,0.2491,0.0476
2004,DE,0.4211,0.1794,0.0459
2005,DE,0.2458,0.2889,0.0857
2006,DE,0.242,0.2873,0.0888
2007,DE,0.2339,0.2986,0.0895
2008,DE,0.2344,0.2966,0.0907
2009,DE,0.2418,0.2984,0.0837
2010,DE,0.2327,0.3126,0.0959
2011,DE,0.2329,0.3053,0.0907
2012,DE,0.2291,0.3107,0.0922
2013,DE,0.2143,0.3309,0.1074
2014,DE,0.2153,0.3358,0.1091
2015,DE,0.2175,0.3334,0.1089
2016,DE,0.2201,0.3327,0.1081
2017,DE,0.2194,0.3338,0.1091
2018,DE,0.2206,0.3272,0.1066
2019,DE,0.2157,0.3442,0.1119
2020,DE,0.2176,0.3425,0.1116
2021,DE,0.257,0.2884,0.0786
2022,DE,0.259,0.2826,0.0744
1980,DK,0.302,0.2286,0.0573
1981,DK,0.2936,0.231,0.0566
1982,DK,0.2937,0.2269,0.058
1983,DK,0.2968,0.2415,0.0728
1984,DK,0.2945,0.2458,0.077
1985,DK,0.2868,0.26,0.0873
1986,DK,0.3012,0.2386,0.0721
1987,DK,0.2998,0.2409,0.0743
1988,DK,0.2988,0.2354,0.0693
1989,DK,0.2969,0.2422,0.0753
1990,DK,0.2941,0.2455,0.0742
1991,DK,0.301,0.2434,0.0766
1992,DK,0.2946,0.2454,0.075
1993,DK,0.2983,0.2394,0.072
1994,DK,0.2944,0.2549,0.0847
1995,DK,0.2993,0.2514,0.0827
1996,DK,0.2989,0.2542,0.0849
1997,DK,0.2926,0.2657,0.0934
1998,DK,0.2945,0.2607,0.089
1999,DK,0.2848,0.2802,0.1069
2000,DK,0.2849,0.2788,0.1064
2001,DK,0.2936,0.2611,0.0896
2002,DK,0.2958,0.2524,0.0826
2003,DK,0.3074,0.2426,0.0784
2004,DK,0.2974,0.2539,0.0861
2005,DK,0.292,0.2678,0.0967
2006,DK,0.2924,0.266,0.0964
2007,DK,0.295,0.2621,0.0921
2008,DK,0.2887,0.2638,0.0929
2009,DK,0.2951,0.2566,0.0883
2010,DK,0.2766,0.2855,0.1049
2011,DK,0.2732,0.2885,0.1066
2012,DK,0.2714,0.2885,0.1079
2013,DK,0.2661,0.2981,0.1127
2014,DK,0.2585,0.3135,0.1253
2015,DK,0.2631,0.3036,0.1189
2016,DK,0.2612,0.3038,0.1182
2017,DK,0.2626,0.3016,0.1126
2018,DK,0.2599,0.3035,0.1141
2019,DK,0.2612,0.3005,0.1115
2020,DK,0.2573,0.3096,0.1193
2021,DK,0.2546,0.3157,0.1246
1980,EE,0.3005,0.2002,0.0314
1981,EE,0.3004,0.2002,0.0314
1982,EE,0.3002,0.2002,0.0314
1983,EE,0.3003,0.2002,0.0314
1984,EE,0.3001,0.2002,0.0314
1985,EE,0.2993,0.2004,0.0314
1986,EE,0.2995,0.2004,0.0314
1987,EE,0.2991,0.2004,0.0314
1988,EE,0.2993,0.2004,0.0314
1989,EE,0.2766,0.2335,0.0489
1990,EE,0.2433,0.2765,0.0708
1991,EE,0.2181,0.3156,0.0928
1992,EE,0.1942,0.3375,0.1027
1993,EE,0.1801,0.3639,0.1177
1994,EE,0.1763,0.376,0.1197
1995,EE,0.1737,0.3943,0.1309
1996,EE,0.1797,0.4006,0.1523
1997,EE,0.1765,0.4134,0.1609
1998,EE,0.1866,0.39,0.1482
1999,EE,0.1833,0.3948,0.1547
2000,EE,0.1808,0.3918,0.1421
2001,EE,0.1814,0.3885,0.1446
2002,EE,0.1727,0.4142,0.1704
2003,EE,0.1668,0.3991,0.1595
2004,EE,0.1872,0.3793,0.1493
2005,EE,0.1837,0.4002,0.1651
2006,EE,0.192,0.383,0.1494
2007,EE,0.204,0.3561,0.1348
2008,EE,0.2127,0.3353,0.1093
2009,EE,0.2212,0.2996,0.0744
2010,EE,0.2077,0.318,0.091
2011,EE,0.2016,0.3464,0.1163
2012,EE,0.1989,0.3657,0.1306
2013,EE,0.1966,0.3539,0.1206
2014,EE,0.1933,0.3551,0.1201
2015,EE,0.2084,0.3169,0.0897
2016,EE,0.2141,0.3152,0.0946
2017,EE,0.2178,0.3176,0.1087
2018,EE,0.2236,0.3192,0.1114
2019,EE,0.2227,0.3176,0.103
2020,EE,0.2253,0.3103,0.0957
2021,EE,0.2251,0.311,0.0964
1980,ES,0.1823,0.4182,0.1334
1981,ES,0.183,0.4166,0.1317
1982,ES,0.172,0.4057,0.1319
1983,ES,0.1885,0.3975,0.1298
1984,ES,0.1891,0.399,0.1269
1985,ES,0.1882,0.3842,0.1073
1986,ES,0.1808,0.3864,0.1135
1987,ES,0.1906,0.3856,0.1128
1988,ES,0.1844,0.3943,0.0994
1989,ES,0.1809,0.3861,0.1169
1990,ES,0.1849,0.3778,0.1121
1991,ES,0.1865,0.3765,0.1072
1992,ES,0.1879,0.3756,0.1095
1993,ES,0.1878,0.3787,0.1021
1994,ES,0.1909,0.3854,0.1068
1995,ES,0.1688,0.3947,0.1077
1996,ES,0.1929,0.3861,0.1059
1997,ES,0.193,0.38,0.0927
1998,ES,0.1762,0.3778,0.1051
1999,ES,0.1599,0.4333,0.1191
2000,ES,0.1812,0.3703,0.1071
2001,ES,0.1891,0.3577,0.0933
2002,ES,0.1805,0.3742,0.092
2003,ES,0.1899,0.3595,0.0873
2004,ES,0.1702,0.3693,0.0931
2005,ES,0.223,0.3121,0.0744
2006,ES,0.2334,0.3063,0.0681
2007,ES,0.2214,0.3164,0.0776
2008,ES,0.217,0.3318,0.0929
2009,ES,0.2259,0.3301,0.108
2010,ES,0.2326,0.3145,0.0981
2011,ES,0.2276,0.3142,0.0959
2012,ES,0.232,0.3189,0.1052
2013,ES,0.2232,0.3238,0.1053
2014,ES,0.2216,0.3252,0.1068
2015,ES,0.2215,0.3281,0.1099
2016,ES,0.2198,0.3275,0.1106
2017,ES,0.2223,0.327,0.1111
2018,ES,0.2242,0.3234,0.1091
2019,ES,0.2298,0.315,0.1049
2020,ES,0.2398,0.2897,0.0845
2021,ES,0.2251,0.3014,0.0821
2022,ES,0.2252,0.3012,0.082
1980,FI,0.297,0.2365,0.057
1981,FI,0.2947,0.2276,0.0438
1982,FI,0.2888,0.2314,0.0419
1983,FI,0.2926,0.2193,0.043
1984,FI,0.3102,0.2166,0.0514
1985,FI,0.3013,0.223,0.0459
1986,FI,0.3022,0.2196,0.0426
1987,FI,0.2985,0.2402,0.0618
1988,FI,0.2962,0.2373,0.0583
1989,FI,0.305,0.2239,0.0455
1990,FI,0.3132,0.2088,0.0335
1991,FI,0.2956,0.2095,0.0331
1992,FI,0.3001,0.2108,0.0315
1993,FI,0.3156,0.2118,0.0419
1994,FI,0.3001,0.2458,0.0633
1995,FI,0.2984,0.2555,0.0772
1996,FI,0.3028,0.2538,0.074
1997,FI,0.2933,0.2685,0.0865
1998,FI,0.2926,0.277,0.0933
1999,FI,0.2965,0.2801,0.1027
2000,FI,0.2645,0.3461,0.1448
2001,FI,0.2868,0.2885,0.1075
2002,FI,0.2919,0.2826,0.104
2003,FI,0.2949,0.2716,0.0931
2004,FI,0.2903,0.2844,0.1035
2005,FI,0.286,0.2763,0.0919
2006,FI,0.2825,0.2849,0.0985
2007,FI,0.2811,0.2869,0.1009
2008,FI,0.2742,0.2919,0.0953
2009,FI,0.2766,0.2783,0.0782
2010,FI,0.2718,0.2824,0.083
2011,FI,0.273,0.2783,0.0777
2012,FI,0.276,0.274,0.0747
2013,FI,0.2786,0.2718,0.0716
2014,FI,0.2759,0.2783,0.0776
2015,FI,0.2735,0.285,0.0817
2016,FI,0.2773,0.2831,0.0819
2017,FI,0.2728,0.2933,0.09
2018,FI,0.2721,0.2925,0.089
2019,FI,0.2765,0.282,0.0836
2020,FI,0.2719,0.2919,0.0936
2021,FI,0.2698,0.2964,0.0981
1980,GB,0.2954,0.2312,0.0446
1981,GB,0.2954,0.2312,0.0446
1982,GB,0.292,0.2361,0.047
1983,GB,0.2886,0.235,0.0462
1984,GB,0.2835,0.2466,0.0473
1985,GB,0.2836,0.2424,0.0478
1986,GB,0.2828,0.2415,0.0507
1987,GB,0.2797,0.2449,0.0522
1988,GB,0.2718,0.2597,0.0675
1989,GB,0.2767,0.2519,0.0562
1990,GB,0.2615,0.2705,0.065
1991,GB,0.2574,0.2775,0.0686
1992,GB,0.2601,0.2714,0.0623
1993,GB,0.2577,0.2778,0.066
1994,GB,0.2382,0.3095,0.0747
1995,GB,0.2366,0.3198,0.0849
1996,GB,0.2404,0.3311,0.0909
1997,GB,0.2356,0.321,0.0967
1998,GB,0.2296,0.3331,0.1043
1999,GB,0.2035,0.3785,0.1099
2000,GB,0.175,0.4852,0.2801
2001,GB,0.21,0.3949,0.1684
2002,GB,0.2266,0.3554,0.1188
2003,GB,0.2425,0.357,0.1161
2004,GB,0.2289,0.3506,0.1209
2005,GB,0.25,0.3087,0.1039
2006,GB,0.2476,0.3134,0.1012
2007,GB,0.2524,0.3166,0.1067
2008,GB,0.2516,0.3061,0.1019
2009,GB,0.2466,0.3066,0.0886
2010,GB,0.2727,0.2767,0.0795
2011,GB,0.2669,0.287,0.0891
2012,GB,0.26,0.2871,0.0847
2013,GB,0.2676,0.2825,0.0747
2014,GB,0.266,0.2864,0.0875
2015,GB,0.2678,0.2764,0.08
2016,GB,0.2702,0.2755,0.0797
2017,GB,0.2644,0.2929,0.0913
2018,GB,0.2609,0.2924,0.0881
2019,GB,0.2632,0.291,0.0863
2020,GB,0.2655,0.2877,0.0876
2021,GB,0.2755,0.2672,0.0674
2022,GB,0.2758,0.2664,0.0666
1980,GR,0.1935,0.3297,0.0817
1981,GR,0.1826,0.3406,0.0852
1982,GR,0.1849,0.3352,0.0803
1983,GR,0.1921,0.3257,0.0733
1984,GR,0.1961,0.3195,0.0742
1985,GR,0.1907,0.3234,0.0769
1986,GR,0.1989,0.3045,0.0772
1987,GR,0.2039,0.3075,0.0761
1988,GR,0.2002,0.2906,0.0721
1989,GR,0.1908,0.29,0.076
1990,GR,0.1894,0.3028,0.0718
1991,GR,0.2007,0.296,0.0792
1992,GR,0.2032,0.3025,0.0792
1993,GR,0.1894,0.3195,0.0779
1994,GR,0.183,0.3268,0.0837
1995,GR,0.1806,0.3389,0.0934
1996,GR,0.1847,0.3241,0.0919
1997,GR,0.175,0.3482,0.0985
1998,GR,0.1711,0.3556,0.1033
1999,GR,0.1797,0.3524,0.1044
2000,GR,0.1676,0.3633,0.101
2001,GR,0.1681,0.3607,0.1036
2002,GR,0.1824,0.3403,0.0883
2003,GR,0.194,0.329,0.0925
2004,GR,0.193,0.3372,0.0971
2005,GR,0.1894,0.3448,0.0906
2006,GR,0.2101,0.3181,0.0883
2007,GR,0.2175,0.3079,0.08
2008,GR,0.2287,0.2941,0.072
2009,GR,0.2279,0.2931,0.0685
2010,GR,0.2089,0.3096,0.0759
2011,GR,0.2083,0.2913,0.0602
2012,GR,0.2137,0.294,0.0681
2013,GR,0.2351,0.3078,0.0888
2014,GR,0.1974,0.338,0.1095
2015,GR,0.2014,0.3314,0.1031
2016,GR,0.213,0.3146,0.0892
2017,GR,0.2191,0.3125,0.0905
2018,GR,0.2247,0.2979,0.0846
2019,GR,0.2268,0.2931,0.0816
2020,GR,0.2294,0.2873,0.077
2021,GR,0.2291,0.2878,0.0774
1983,HR,0.2459,0.2518,0.0373
1984,HR,0.2402,0.2537,0.0359
1985,HR,0.2376,0.2538,0.0373
1986,HR,0.237,0.2527,0.0365
1987,HR,0.2506,0.2435,0.0363
1988,HR,0.2437,0.2429,0.0352
1989,HR,0.2253,0.2749,0.0385
1990,HR,0.2244,0.2775,0.0386
1991,HR,0.2212,0.2918,0.05
1992,HR,0.2235,0.2791,0.0506
1993,HR,0.2182,0.2844,0.0541
1994,HR,0.215,0.2915,0.057
1995,HR,0.222,0.2826,0.0623
1996,HR,0.2182,0.2903,0.0575
1997,HR,0.218,0.2929,0.06
1998,HR,0.2048,0.2906,0.0557
1999,HR,0.1905,0.3092,0.0608
2000,HR,0.2068,0.296,0.0609
2001,HR,0.2086,0.2913,0.0609
2002,HR,0.2208,0.2777,0.0586
2003,HR,0.2251,0.2747,0.0587
2004,HR,0.2245,0.2814,0.0605
2005,HR,0.2172,0.2944,0.0686
2006,HR,0.2213,0.293,0.0711
2007,HR,0.2159,0.2986,0.073
2008,HR,0.2181,0.2946,0.0725
2009,HR,0.2201,0.2844,0.0626
2010,HR,0.217,0.2876,0.0673
2011,HR,0.2141,0.2976,0.0761
2012,HR,0.2167,0.2888,0.0675
2013,HR,0.2206,0.2974,0.0808
2014,HR,0.2154,0.3025,0.0824
2015,HR,0.2159,0.3049,0.088
2016,HR,0.2213,0.2887,0.0743
2017,HR,0.2174,0.2974,0.0805
2018,HR,0.2215,0.2935,0.0784
2019,HR,0.2226,0.2908,0.0754
2020,HR,0.2233,0.2872,0.0719
2021,HR,0.2232,0.2876,0.0722
1980,HU,0.3997,0.1566,0.0229
1981,HU,0.405,0.1548,0.0229
1982,HU,0.4078,0.1537,0.0226
1983,HU,0.4197,0.1487,0.0226
1984,HU,0.4326,0.1442,0.0228
1985,HU,0.4283,0.1479,0.0239
1986,HU,0.4282,0.148,0.0243
1987,HU,0.4174,0.1574,0.0284
1988,HU,0.4076,0.1662,0.0321
1989,HU,0.3818,0.1838,0.0375
1990,HU,0.364,0.2015,0.044
1991,HU,0.3307,0.221,0.0484
1992,HU,0.3087,0.2374,0.0554
1993,HU,0.3053,0.2408,0.057
1994,HU,0.3029,0.2459,0.0603
1995,HU,0.3234,0.2316,0.0578
1996,HU,0.3246,0.2398,0.0647
1997,HU,0.3211,0.2446,0.0665
1998,HU,0.3207,0.246,0.068
1999,HU,0.3052,0.2571,0.0717
2000,HU,0.304,0.2521,0.0682
2001,HU,0.3019,0.2582,0.074
2002,HU,0.2898,0.2812,0.084
2003,HU,0.2853,0.2821,0.0821
2004,HU,0.2972,0.2717,0.0788
2005,HU,0.2868,0.2915,0.0933
2006,HU,0.2763,0.3031,0.102
2007,HU,0.2764,0.2844,0.0841
2008,HU,0.2844,0.2753,0.0815
2009,HU,0.2832,0.275,0.0836
2010,HU,0.263,0.3002,0.0957
2011,HU,0.2665,0.2921,0.0904
2012,HU,0.2644,0.2868,0.0835
2013,HU,0.263,0.2988,0.0967
2014,HU,0.2595,0.3018,0.0977
2015,HU,0.2647,0.2962,0.0966
2016,HU,0.2605,0.2989,0.0983
2017,HU,0.2628,0.2993,0.0934
2018,HU,0.2625,0.2942,0.0922
2019,HU,0.2619,0.299,0.0968
2020,HU,0.2644,0.2936,0.0918
2021,HU,0.2642,0.2941,0.0922
1980,IE,0.2773,0.2773,0.0743
1981,IE,0.2856,0.2718,0.0728
1982,IE,0.2698,0.2802,0.0745
1983,IE,0.2651,0.2825,0.0752
1984,IE,0.2774,0.2744,0.0726
1985,IE,0.2779,0.2725,0.0715
1986,IE,0.2805,0.2711,0.0711
1987,IE,0.2761,0.2712,0.0713
1988,IE,0.2826,0.2707,0.0716
1989,IE,0.2877,0.2695,0.0727
1990,IE,0.279,0.2777,0.0731
1991,IE,0.2721,0.2792,0.0781
1992,IE,0.2808,0.2831,0.0779
1993,IE,0.2698,0.2837,0.0775
1994,IE,0.2627,0.2907,0.0798
1995,IE,0.265,0.2933,0.0821
1996,IE,0.2813,0.2763,0.0763
1997,IE,0.2796,0.2962,0.0895
1998,IE,0.2711,0.3141,0.0989
1999,IE,0.2671,0.3049,0.0927
2000,IE,0.2597,0.3159,0.0987
2001,IE,0.2649,0.3019,0.0889
2002,IE,0.2712,0.3027,0.0954
2003,IE,0.2618,0.3106,0.0978
2004,IE,0.2561,0.3075,0.0961
2005,IE,0.2605,0.3179,0.1043
2006,IE,0.253,0.3283,0.1184
2007,IE,0.2445,0.3026,0.0942
2008,IE,0.2579,0.2627,0.0688
2009,IE,0.2776,0.2687,0.0698
2010,IE,0.268,0.27,0.0736
2011,IE,0.2743,0.2726,0.0759
2012,IE,0.2699,0.2569,0.0703
2013,IE,0.2609,0.2784,0.0852
2014,IE,0.2583,0.2825,0.0834
2015,IE,0.2535,0.2899,0.0836
2016,IE,0.2524,0.2981,0.0898
2017,IE,0.2561,0.2847,0.08
2018,IE,0.2612,0.2936,0.0857
2019,IE,0.2552,0.3042,0.094
2020,IE,0.2664,0.2821,0.0805
2021,IE,0.2654,0.2842,0.0816
1990,IS,0.2618,0.2719,0.0686
1991,IS,0.2617,0.2725,0.0684
1992,IS,0.262,0.2746,0.0711
1993,IS,0.2626,0.2743,0.0696
1994,IS,0.2628,0.2753,0.0696
1995,IS,0.2642,0.2753,0.0697
1996,IS,0.263,0.2761,0.0705
1997,IS,0.2615,0.2773,0.0721
1998,IS,0.2595,0.2784,0.0733
1999,IS,0.2577,0.2814,0.0766
2000,IS,0.2591,0.2815,0.0793
2001,IS,0.2507,0.3037,0.1024
2002,IS,0.249,0.3115,0.1111
2003,IS,0.2565,0.3007,0.1062
2004,IS,0.2646,0.2816,0.0854
2005,IS,0.2532,0.2877,0.0979
2006,IS,0.2285,0.3022,0.1022
2007,IS,0.2198,0.3395,0.1445
2008,IS,0.2406,0.2754,0.0728
2009,IS,0.2779,0.2535,0.0629
2010,IS,0.287,0.2404,0.0485
2011,IS,0.2878,0.2438,0.0492
2012,IS,0.289,0.2472,0.0533
2013,IS,0.2785,0.2737,0.0783
2014,IS,0.2821,0.2676,0.076
2015,IS,0.2816,0.2668,0.0743
2016,IS,0.2848,0.2636,0.0755
2017,IS,0.2927,0.2627,0.0795
2018,IS,0.2989,0.2516,0.0697
2019,IS,0.3003,0.2512,0.07
2020,IS,0.3003,0.2512,0.0705
2021,IS,0.2984,0.2628,0.083
1980,IT,0.2333,0.308,0.0976
1981,IT,0.2353,0.2942,0.0862
1982,IT,0.3536,0.1563,0.021
1983,IT,0.2404,0.2971,0.0931
1984,IT,0.2395,0.305,0.0986
1985,IT,0.2362,0.3181,0.1136
1986,IT,0.199,0.3272,0.1042
1987,IT,0.192,0.322,0.0889
1988,IT,0.1866,0.3292,0.098
1989,IT,0.1916,0.3339,0.0936
1990,IT,0.1927,0.3263,0.0969
1991,IT,0.1921,0.3295,0.0928
1992,IT,0.1866,0.3286,0.0799
1993,IT,0.1757,0.3346,0.0865
1994,IT,0.1677,0.3425,0.0896
1995,IT,0.1695,0.3473,0.1052
1996,IT,0.1641,0.3574,0.1036
1997,IT,0.1612,0.3609,0.0994
1998,IT,0.1527,0.3814,0.1123
1999,IT,0.1576,0.365,0.0929
2000,IT,0.1537,0.3843,0.1119
2001,IT,0.1544,0.394,0.1067
2002,IT,0.1594,0.3836,0.1119
2003,IT,0.1642,0.3731,0.1102
2004,IT,0.1707,0.3584,0.1016
2005,IT,0.1752,0.3496,0.0986
2006,IT,0.1755,0.351,0.1017
2007,IT,0.1802,0.3502,0.0978
2008,IT,0.1851,0.3321,0.0859
2009,IT,0.1881,0.3266,0.0849
2010,IT,0.1823,0.3397,0.0946
2011,IT,0.1797,0.3468,0.1062
2012,IT,0.1802,0.351,0.1127
2013,IT,0.1746,0.3536,0.1094
2014,IT,0.1765,0.3478,0.1138
2015,IT,0.1781,0.3406,0.1046
2016,IT,0.1742,0.3614,0.1256
2017,IT,0.1882,0.3658,0.1322
2018,IT,0.1644,0.3771,0.1366
2019,IT,0.1656,0.3739,0.1335
2020,IT,0.1677,0.368,0.1273
2021,IT,0.1604,0.3831,0.1369
2022,IT,0.1591,0.3866,0.1407
2003,KS,0.1889,0.3165,0.0733
2004,KS,0.1937,0.3132,0.07
2005,KS,0.1944,0.313,0.0673
2006,KS,0.1964,0.3118,0.0697
2007,KS,0.1959,0.3082,0.0644
2008,KS,0.1938,0.3139,0.0709
2009,KS,0.1967,0.3128,0.0655
2010,KS,0.1916,0.3195,0.0685
2011,KS,0.2014,0.3074,0.0713
2012,KS,0.1993,0.3096,0.0758
2013,KS,0.1979,0.3059,0.0763
2014,KS,0.1987,0.3129,0.0813
2015,KS,0.1922,0.3168,0.085
2016,KS,0.1943,0.3145,0.0816
2017,KS,0.1907,0.3208,0.0847
2018,KS,0.1908,0.3193,0.0829
2019,KS,0.1914,0.3169,0.0807
2020,KS,0.1911,0.3163,0.0798
2021,KS,0.1913,0.3165,0.0802
1988,LT,0.31,0.213,0.0368
1989,LT,0.2937,0.234,0.0447
1990,LT,0.2801,0.2542,0.0528
1991,LT,0.2662,0.2758,0.0621
1992,LT,0.25,0.2987,0.0718
1993,LT,0.2387,0.3169,0.0801
1994,LT,0.202,0.3341,0.0893
1995,LT,0.2151,0.3189,0.0809
1996,LT,0.2229,0.3141,0.0809
1997,LT,0.2401,0.3005,0.0773
1998,LT,0.2334,0.2931,0.0684
1999,LT,0.2379,0.2886,0.0655
2000,LT,0.2228,0.3056,0.0748
2001,LT,0.2204,0.3096,0.0778
2002,LT,0.2253,0.3019,0.072
2003,LT,0.239,0.3053,0.0797
2004,LT,0.2142,0.3182,0.0766
2005,LT,0.2117,0.3252,0.0835
2006,LT,0.2183,0.3057,0.0729
2007,LT,0.21,0.3462,0.1056
2008,LT,0.2043,0.3546,0.109
2009,LT,0.2041,0.3476,0.0979
2010,LT,0.2226,0.3211,0.0826
2011,LT,0.2222,0.3258,0.0883
2012,LT,0.2154,0.3506,0.1079
2013,LT,0.21,0.363,0.1161
2014,LT,0.1907,0.394,0.1385
2015,LT,0.203,0.3569,0.109
2016,LT,0.2068,0.3524,0.104
2017,LT,0.2027,0.3648,0.117
2018,LT,0.2119,0.3531,0.1101
2019,LT,0.0368,0.4658,0.1329
2020,LT,0.0358,0.463,0.1299
2021,LT,0.0359,0.4633,0.1302
1985,LU,0.2771,0.2702,0.073
1986,LU,0.2765,0.2735,0.0759
1987,LU,0.2742,0.2789,0.0773
1988,LU,0.2727,0.2776,0.0769
1989,LU,0.2759,0.279,0.0783
1990,LU,0.2739,0.282,0.0811
1991,LU,0.2716,0.2858,0.0788
1992,LU,0.2732,0.2827,0.0778
1993,LU,0.271,0.282,0.0777
1994,LU,0.2738,0.281,0.0782
1995,LU,0.2647,0.2909,0.0812
1996,LU,0.2595,0.3017,0.0842
1997,LU,0.2591,0.2959,0.0907
1998,LU,0.2362,0.3349,0.1069
1999,LU,0.2458,0.3228,0.1039
2000,LU,0.2406,0.3279,0.1135
2001,LU,0.2432,0.3232,0.1036
2002,LU,0.2565,0.2938,0.0787
2003,LU,0.2575,0.2921,0.0803
2004,LU,0.2451,0.3357,0.1264
2005,LU,0.2274,0.3537,0.1307
2006,LU,0.2421,0.3167,0.0978
2007,LU,0.2276,0.3586,0.139
2008,LU,0.2304,0.3419,0.1286
2009,LU,0.2505,0.2997,0.0924
2010,LU,0.2546,0.2878,0.08
2011,LU,0.255,0.279,0.0754
2012,LU,0.2308,0.3314,0.122
2013,LU,0.2448,0.2957,0.0875
2014,LU,0.2352,0.3151,0.1055
2015,LU,0.242,0.2774,0.0638
2016,LU,0.2374,0.2801,0.068
2017,LU,0.2267,0.3015,0.0779
2018,LU,0.2195,0.3087,0.0784
2019,LU,0.2189,0.2941,0.0725
2020,LU,0.2226,0.3065,0.0884
2021,LU,0.2236,0.304,0.0859
1988,LV,0.3109,0.2041,0.0335
1989,LV,0.3021,0.2111,0.0357
1990,LV,0.2943,0.2183,0.0383
1991,LV,0.2851,0.2306,0.0434
1992,LV,0.2686,0.2437,0.0499
1993,LV,0.2507,0.2648,0.054
1994,LV,0.239,0.2835,0.0683
1995,LV,0.2239,0.3054,0.0816
1996,LV,0.204,0.3234,0.0882
1997,LV,0.2035,0.3208,0.083
1998,LV,0.1964,0.3335,0.0888
1999,LV,0.2011,0.324,0.082
2000,LV,0.1962,0.3365,0.0879
2001,LV,0.1959,0.3354,0.0858
2002,LV,0.1921,0.3476,0.0925
2003,LV,0.1776,0.3579,0.1007
2004,LV,0.1972,0.3529,0.0968
2005,LV,0.186,0.3665,0.105
2006,LV,0.1963,0.33,0.0837
2007,LV,0.181,0.3507,0.0907
2008,LV,0.1927,0.3399,0.0908
2009,LV,0.1988,0.3555,0.1044
2010,LV,0.2109,0.3361,0.0866
2011,LV,0.2073,0.3449,0.0939
2012,LV,0.206,0.3453,0.0995
2013,LV,0.2027,0.3493,0.1041
2014,LV,0.2053,0.3401,0.0922
2015,LV,0.2107,0.3254,0.0834
2016,LV,0.2155,0.308,0.0688
2017,LV,0.2067,0.3285,0.083
2018,LV,0.2091,0.3201,0.083
2019,LV,0.2066,0.3252,0.086
2020,LV,0.2248,0.3066,0.075
2021,LV,0.2234,0.3082,0.0761
1988,MD,0.2904,0.2237,0.043
1989,MD,0.2752,0.2396,0.0503
1990,MD,0.2596,0.2545,0.0551
1991,MD,0.2434,0.27,0.0612
1992,MD,0.2254,0.2861,0.0671
1993,MD,0.2089,0.3015,0.0735
1994,MD,0.1967,0.3149,0.0778
1995,MD,0.184,0.3284,0.0821
1996,MD,0.1698,0.3433,0.0871
1997,MD,0.1587,0.3564,0.091
1998,MD,0.1702,0.3327,0.0781
1999,MD,0.1737,0.3287,0.076
2000,MD,0.1763,0.3272,0.0764
2001,MD,0.1753,0.3302,0.076
2002,MD,0.1773,0.3264,0.0756
2003,MD,0.1748,0.3322,0.0811
2004,MD,0.1809,0.3262,0.0771
2005,MD,0.1783,0.3302,0.08
2006,MD,0.1782,0.3289,0.0803
2007,MD,0.1805,0.3289,0.0804
2008,MD,0.1788,0.3332,0.0879
2009,MD,0.1798,0.3369,0.0911
2010,MD,0.182,0.3302,0.0869
2011,MD,0.1826,0.3313,0.0924
2012,MD,0.1805,0.3297,0.0923
2013,MD,0.1816,0.3252,0.087
2014,MD,0.18,0.3252,0.0892
2015,MD,0.1776,0.3309,0.0937
2016,MD,0.1811,0.3261,0.0915
2017,MD,0.1825,0.3235,0.0907
2018,MD,0.1828,0.3262,0.0918
2019,MD,0.182,0.3293,0.0948
2020,MD,0.1823,0.3288,0.0943
2021,MD,0.1822,0.3289,0.0943
1980,ME,0.2484,0.2627,0.0626
1981,ME,0.2484,0.2627,0.0626
1982,ME,0.2484,0.2627,0.0626
1983,ME,0.2485,0.2626,0.0626
1984,ME,0.2428,0.2697,0.0664
1985,ME,0.2441,0.2655,0.0636
1986,ME,0.2385,0.2606,0.0573
1987,ME,0.2394,0.2679,0.0632
1988,ME,0.2215,0.281,0.0679
1989,ME,0.2445,0.2568,0.0569
1990,ME,0.2474,0.255,0.0566
1991,ME,0.2486,0.2559,0.0564
1992,ME,0.249,0.2582,0.0573
1993,ME,0.2489,0.2611,0.0589
1994,ME,0.2488,0.2644,0.061
1995,ME,0.2483,0.2684,0.0639
1996,ME,0.2489,0.2683,0.0627
1997,ME,0.2493,0.2686,0.0619
1998,ME,0.2501,0.2728,0.0646
1999,ME,0.263,0.2544,0.0532
2000,ME,0.2244,0.3123,0.0815
2001,ME,0.2512,0.2817,0.0728
2002,ME,0.2413,0.2869,0.0746
2003,ME,0.2296,0.2965,0.0773
2004,ME,0.22,0.3009,0.075
2005,ME,0.2048,0.3088,0.0732
2006,ME,0.2013,0.3079,0.0742
2007,ME,0.1981,0.3097,0.074
2008,ME,0.1939,0.3137,0.0731
2009,ME,0.1891,0.3173,0.0765
2010,ME,0.1847,0.3224,0.0781
2011,ME,0.1802,0.3274,0.0795
2012,ME,0.178,0.3268,0.0789
2013,ME,0.1839,0.3222,0.0732
2014,ME,0.1861,0.3154,0.0723
2015,ME,0.1706,0.3345,0.085
2016,ME,0.1809,0.3318,0.0843
2017,ME,0.189,0.3113,0.0664
2018,ME,0.1866,0.3099,0.0648
2019,ME,0.1872,0.3076,0.0623
2020,ME,0.1869,0.307,0.0614
2021,ME,0.187,0.3072,0.0618
1983,MK,0.2758,0.2507,0.0657
1984,MK,0.2703,0.2584,0.07
1985,MK,0.2719,0.2538,0.0671
1986,MK,0.2681,0.2482,0.0602
1987,MK,0.2678,0.2565,0.0671
1988,MK,0.2536,0.2692,0.0718
1989,MK,0.2731,0.2448,0.0599
1990,MK,0.2757,0.2427,0.0594
1991,MK,0.2635,0.2475,0.0595
1992,MK,0.2506,0.2536,0.0605
1993,MK,0.2373,0.2602,0.0623
1994,MK,0.2241,0.267,0.0646
1995,MK,0.2105,0.2747,0.0676
1996,MK,0.1694,0.3277,0.0885
1997,MK,0.2054,0.3089,0.0831
1998,MK,0.2041,0.2747,0.0641
1999,MK,0.2034,0.27,0.06
2000,MK,0.208,0.2602,0.0614
2001,MK,0.2029,0.2758,0.0731
2002,MK,0.2041,0.2607,0.0584
2003,MK,0.1998,0.2717,0.0619
2004,MK,0.1966,0.2741,0.0599
2005,MK,0.1907,0.2793,0.059
2006,MK,0.1955,0.2805,0.0575
2007,MK,0.1934,0.2837,0.0574
2008,MK,0.1929,0.2934,0.0604
2009,MK,0.1936,0.298,0.0613
2010,MK,0.1952,0.3038,0.0646
2011,MK,0.1985,0.3023,0.0618
2012,MK,0.2147,0.2902,0.0609
2013,MK,0.221,0.283,0.0628
2014,MK,0.236,0.2728,0.0578
2015,MK,0.2362,0.2733,0.0621
2016,MK,0.2414,0.2647,0.0588
2017,MK,0.2446,0.2653,0.0644
2018,MK,0.2521,0.2517,0.0522
2019,MK,0.2532,0.2486,0.0491
2020,MK,0.2532,0.2475,0.0481
2021,MK,0.2532,0.248,0.0485
2006,MT,0.2628,0.2535,0.0523
2007,MT,0.2587,0.2537,0.0515
2008,MT,0.2635,0.2665,0.0585
2009,MT,0.2529,0.2802,0.0684
2010,MT,0.2548,0.2694,0.0649
2011,MT,0.2543,0.2828,0.0779
2012,MT,0.2497,0.291,0.0825
2013,MT,0.251,0.292,0.0812
2014,MT,0.2466,0.2975,0.0831
2015,MT,0.2407,0.3031,0.0836
2016,MT,0.247,0.2945,0.0782
2017,MT,0.2416,0.3026,0.0861
2018,MT,0.2429,0.2991,0.0754
2019,MT,0.2367,0.3079,0.083
2020,MT,0.2384,0.3046,0.08
2021,MT,0.238,0.3056,0.0811
1980,NL,0.3027,0.2315,0.0504
1981,NL,0.3025,0.2312,0.0499
1982,NL,0.3024,0.2315,0.0498
1983,NL,0.2905,0.2366,0.051
1984,NL,0.2906,0.2352,0.0499
1985,NL,0.29,0.2355,0.0487
1986,NL,0.2922,0.2376,0.0503
1987,NL,0.2917,0.2345,0.0502
1988,NL,0.297,0.233,0.0502
1989,NL,0.2963,0.2312,0.0473
1990,NL,0.2928,0.232,0.0483
1991,NL,0.2912,0.2325,0.0488
1992,NL,0.2941,0.2331,0.0496
1993,NL,0.2919,0.2288,0.0468
1994,NL,0.2918,0.2313,0.047
1995,NL,0.2903,0.2341,0.049
1996,NL,0.2919,0.2344,0.0501
1997,NL,0.2955,0.2321,0.0497
1998,NL,0.2987,0.232,0.0484
1999,NL,0.2942,0.2333,0.0483
2000,NL,0.2973,0.234,0.0511
2001,NL,0.2919,0.2422,0.0548
2002,NL,0.2897,0.2413,0.0555
2003,NL,0.2853,0.2456,0.0558
2004,NL,0.2866,0.243,0.0545
2005,NL,0.2918,0.2423,0.0558
2006,NL,0.283,0.2552,0.0636
2007,NL,0.277,0.2654,0.0647
2008,NL,0.2927,0.2405,0.0541
2009,NL,0.2907,0.2416,0.0531
2010,NL,0.2859,0.2479,0.0545
2011,NL,0.2773,0.2533,0.0574
2012,NL,0.2831,0.2504,0.055
2013,NL,0.2752,0.2403,0.0515
2014,NL,0.2754,0.242,0.0543
2015,NL,0.2715,0.2467,0.0559
2016,NL,0.2718,0.244,0.0544
2017,NL,0.269,0.2507,0.0568
2018,NL,0.2698,0.2499,0.057
2019,NL,0.2731,0.2458,0.0552
2020,NL,0.2747,0.2428,0.0539
2021,NL,0.2743,0.2436,0.0542
1980,NO,0.3187,0.2213,0.0508
1981,NO,0.32,0.2216,0.0501
1982,NO,0.3239,0.2123,0.0477
1983,NO,0.3271,0.2091,0.0439
1984,NO,0.3281,0.2123,0.0504
1985,NO,0.3277,0.2129,0.0497
1986,NO,0.3368,0.1999,0.0423
1987,NO,0.338,0.199,0.0416
1988,NO,0.3362,0.1954,0.0394
1989,NO,0.3455,0.1973,0.0426
1990,NO,0.3424,0.1963,0.042
1991,NO,0.3394,0.2048,0.0458
1992,NO,0.3466,0.2012,0.0501
1993,NO,0.333,0.2211,0.0624
1994,NO,0.3213,0.2304,0.0661
1995,NO,0.3232,0.2263,0.0632
1996,NO,0.3089,0.2509,0.0714
1997,NO,0.3029,0.2588,0.0856
1998,NO,0.314,0.243,0.0762
1999,NO,0.3137,0.2475,0.0775
2000,NO,0.3033,0.2685,0.1043
2001,NO,0.3167,0.2414,0.0751
2002,NO,0.3138,0.2521,0.0897
2003,NO,0.3114,0.254,0.0895
2004,NO,0.309,0.2559,0.0894
2005,NO,0.3066,0.2579,0.0892
2006,NO,0.3042,0.2598,0.089
2007,NO,0.3041,0.2621,0.0875
2008,NO,0.3104,0.258,0.0869
2009,NO,0.3195,0.2396,0.0713
2010,NO,0.3105,0.2516,0.0789
2011,NO,0.3108,0.2475,0.0714
2012,NO,0.3097,0.2485,0.0728
2013,NO,0.3056,0.2542,0.0771
2014,NO,0.3101,0.2478,0.0719
2015,NO,0.3061,0.249,0.0683
2016,NO,0.3027,0.2501,0.0674
2017,NO,0.3028,0.2509,0.0692
2018,NO,0.301,0.254,0.0725
2019,NO,0.3108,0.2343,0.0553
2020,NO,0.3075,0.2409,0.0608
2021,NO,0.3077,0.2405,0.0604
1983,PL,0.3193,0.2039,0.0375
1984,PL,0.3155,0.2109,0.0426
1985,PL,0.3143,0.2076,0.038
1986,PL,0.2992,0.2133,0.0339
1987,PL,0.3074,0.205,0.0341
1988,PL,0.3103,0.2019,0.0325
1989,PL,0.3028,0.2126,0.0381
1990,PL,0.2842,0.2241,0.0434
1991,PL,0.2801,0.2437,0.0536
1992,PL,0.2776,0.2321,0.0543
1993,PL,0.278,0.2349,0.0533
1994,PL,0.2627,0.2557,0.069
1995,PL,0.2498,0.2827,0.0853
1996,PL,0.237,0.286,0.0777
1997,PL,0.2488,0.2799,0.0796
1998,PL,0.2482,0.2851,0.0812
1999,PL,0.247,0.2787,0.0847
2000,PL,0.2356,0.3027,0.0861
2001,PL,0.2292,0.3027,0.0881
2002,PL,0.2254,0.2996,0.0876
2003,PL,0.2132,0.3262,0.0834
2004,PL,0.2169,0.3091,0.0981
2005,PL,0.216,0.3151,0.0947
2006,PL,0.2166,0.3262,0.1076
2007,PL,0.2213,0.3292,0.1139
2008,PL,0.2167,0.3356,0.1166
2009,PL,0.2111,0.331,0.11
2010,PL,0.212,0.3335,0.1084
2011,PL,0.2124,0.3319,0.1069
2012,PL,0.2156,0.3278,0.1029
2013,PL,0.2155,0.3269,0.1039
2014,PL,0.212,0.3354,0.1107
2015,PL,0.2113,0.3367,0.1126
2016,PL,0.2215,0.327,0.1084
2017,PL,0.2304,0.3218,0.106
2018,PL,0.2239,0.3247,0.1069
2019,PL,0.2231,0.3263,0.1084
2020,PL,0.2212,0.3307,0.1119
2021,PL,0.2214,0.3302,0.1115
1980,PT,0.2598,0.2514,0.0551
1981,PT,0.2674,0.247,0.049
1982,PT,0.2443,0.2749,0.0507
1983,PT,0.2425,0.276,0.0582
1984,PT,0.2351,0.2852,0.059
1985,PT,0.2348,0.287,0.0606
1986,PT,0.2325,0.2904,0.0668
1987,PT,0.2318,0.2932,0.068
1988,PT,0.232,0.2961,0.0697
1989,PT,0.2309,0.2987,0.0722
1990,PT,0.2353,0.3026,0.0712
1991,PT,0.2245,0.3111,0.0776
1992,PT,0.2141,0.3183,0.0784
1993,PT,0.1972,0.3377,0.0838
1994,PT,0.1879,0.338,0.0853
1995,PT,0.1894,0.3432,0.085
1996,PT,0.1979,0.3359,0.0815
1997,PT,0.1968,0.344,0.0848
1998,PT,0.2059,0.3351,0.0797
1999,PT,0.2024,0.3405,0.0847
2000,PT,0.2057,0.3346,0.0779
2001,PT,0.1892,0.3582,0.088
2002,PT,0.1929,0.3509,0.0836
2003,PT,0.1956,0.3461,0.0843
2004,PT,0.1904,0.3587,0.0872
2005,PT,0.1953,0.3521,0.0889
2006,PT,0.1979,0.3521,0.0813
2007,PT,0.2004,0.3544,0.0865
2008,PT,0.2099,0.3419,0.0762
2009,PT,0.2124,0.3372,0.0748
2010,PT,0.209,0.3434,0.0789
2011,PT,0.2092,0.3438,0.0875
2012,PT,0.2125,0.3385,0.0842
2013,PT,0.2082,0.3338,0.0813
2014,PT,0.2067,0.3384,0.0894
2015,PT,0.2105,0.3339,0.0869
2016,PT,0.2152,0.3345,0.0876
2017,PT,0.2171,0.3358,0.0906
2018,PT,0.2248,0.324,0.085
2019,PT,0.2259,0.3184,0.083
2020,PT,0.2298,0.3077,0.0736
2021,PT,0.2284,0.3124,0.0777
1989,RO,0.2723,0.2036,0.0266
1990,RO,0.2819,0.2428,0.0358
1991,RO,0.2602,0.2292,0.0318
1992,RO,0.2447,0.192,0.0254
1993,RO,0.2377,0.2367,0.0333
1994,RO,0.2379,0.276,0.0404
1995,RO,0.1739,0.2871,0.0415
1996,RO,0.1635,0.2377,0.0318
1997,RO,0.1861,0.3313,0.0525
1998,RO,0.161,0.2526,0.0353
1999,RO,0.1647,0.22,0.0337
2000,RO,0.1662,0.2147,0.0316
2001,RO,0.1656,0.253,0.0341
2002,RO,0.153,0.2566,0.043
2003,RO,0.1491,0.2541,0.0567
2004,RO,0.1311,0.2636,0.0448
2005,RO,0.1454,0.2383,0.0439
2006,RO,0.1347,0.2802,0.0548
2007,RO,0.1278,0.3512,0.0883
2008,RO,0.1305,0.3673,0.1027
2009,RO,0.137,0.3775,0.1172
2010,RO,0.1573,0.3302,0.0778
2011,RO,0.1613,0.3401,0.0816
2012,RO,0.1503,0.3465,0.0935
2013,RO,0.1665,0.3026,0.0706
2014,RO,0.1481,0.3555,0.1035
2015,RO,0.1627,0.3315,0.0882
2016,RO,0.1678,0.3318,0.0809
2017,RO,0.1616,0.3236,0.0722
2018,RO,0.1507,0.3404,0.0786
2019,RO,0.1475,0.344,0.0841
2020,RO,0.1475,0.3438,0.0839
2021,RO,0.1476,0.3437,0.0838
1980,RS,0.2206,0.2918,0.0748
1981,RS,0.2206,0.2918,0.0748
1982,RS,0.2206,0.2918,0.0748
1983,RS,0.2206,0.2918,0.0748
1984,RS,0.2093,0.3116,0.0898
1985,RS,0.2144,0.3062,0.0918
1986,RS,0.213,0.2942,0.0851
1987,RS,0.2054,0.3206,0.0805
1988,RS,0.2067,0.3035,0.0968
1989,RS,0.2167,0.291,0.089
1990,RS,0.2171,0.2893,0.0927
1991,RS,0.216,0.2938,0.0951
1992,RS,0.2175,0.2968,0.0972
1993,RS,0.2185,0.3003,0.0999
1994,RS,0.219,0.3042,0.1029
1995,RS,0.2191,0.3084,0.1062
1996,RS,0.221,0.3078,0.1055
1997,RS,0.2227,0.3075,0.1053
1998,RS,0.2216,0.3126,0.1073
1999,RS,0.2303,0.2979,0.0961
2000,RS,0.1835,0.3751,0.1344
2001,RS,0.2109,0.3431,0.1225
2002,RS,0.1933,0.3549,0.1245
2003,RS,0.1829,0.3589,0.1246
2004,RS,0.1694,0.371,0.1262
2005,RS,0.1626,0.3752,0.1271
2006,RS,0.1479,0.389,0.121
2007,RS,0.1522,0.3725,0.1141
2008,RS,0.1525,0.3774,0.1188
2009,RS,0.1566,0.3638,0.1257
2010,RS,0.1578,0.3574,0.1023
2011,RS,0.16,0.3537,0.1257
2012,RS,0.1447,0.3863,0.1305
2013,RS,0.144,0.3788,0.1273
2014,RS,0.1319,0.4191,0.1686
2015,RS,0.1259,0.4599,0.2273
2016,RS,0.1332,0.4093,0.1574
2017,RS,0.1568,0.356,0.116
2018,RS,0.1763,0.3337,0.1008
2019,RS,0.1807,0.3526,0.1199
2020,RS,0.1781,0.3608,0.1266
2021,RS,0.1783,0.36,0.126
1980,SE,0.3285,0.2147,0.0624
1981,SE,0.351,0.2033,0.0617
1982,SE,0.3395,0.2196,0.0712
1983,SE,0.3393,0.22,0.0733
1984,SE,0.3347,0.2382,0.0887
1985,SE,0.347,0.2334,0.0867
1986,SE,0.3297,0.2326,0.0806
1987,SE,0.3359,0.2355,0.0818
1988,SE,0.331,0.2415,0.0862
1989,SE,0.3233,0.2434,0.0871
1990,SE,0.3338,0.2179,0.0675
1991,SE,0.323,0.2241,0.0557
1992,SE,0.3243,0.2274,0.0594
1993,SE,0.3263,0.2278,0.0593
1994,SE,0.2855,0.282,0.078
1995,SE,0.2894,0.2727,0.094
1996,SE,0.2918,0.2649,0.0884
1997,SE,0.282,0.2805,0.0992
1998,SE,0.2801,0.2806,0.0982
1999,SE,0.2835,0.2786,0.0966
2000,SE,0.3,0.2679,0.0856
2001,SE,0.3085,0.2488,0.0742
2002,SE,0.3348,0.2385,0.078
2003,SE,0.3281,0.2489,0.0862
2004,SE,0.3081,0.2674,0.0901
2005,SE,0.2897,0.2722,0.0907
2006,SE,0.2887,0.2814,0.1008
2007,SE,0.2824,0.2767,0.0954
2008,SE,0.2766,0.2716,0.0883
2009,SE,0.2802,0.2578,0.0724
2010,SE,0.2691,0.2654,0.0821
2011,SE,0.2744,0.2615,0.0795
2012,SE,0.2898,0.2501,0.0704
2013,SE,0.29,0.251,0.0714
2014,SE,0.2866,0.2521,0.0723
2015,SE,0.2858,0.2551,0.0749
2016,SE,0.2953,0.2375,0.0609
2017,SE,0.2917,0.248,0.07
2018,SE,0.2937,0.2397,0.0648
2019,SE,0.2913,0.2476,0.0717
2020,SE,0.2832,0.2653,0.0867
2021,SE,0.2774,0.2769,0.0986
2022,SE,0.2768,0.2783,0.0997
1980,SI,0.3239,0.1925,0.033
1981,SI,0.3239,0.1925,0.033
1982,SI,0.3239,0.1925,0.033
1983,SI,0.3239,0.1925,0.033
1984,SI,0.3239,0.1925,0.033
1985,SI,0.3239,0.1925,0.033
1986,SI,0.3239,0.1925,0.033
1987,SI,0.3239,0.1925,0.033
1988,SI,0.3239,0.1925,0.033
1989,SI,0.3239,0.1925,0.033
1990,SI,0.3239,0.1925,0.033
1991,SI,0.3236,0.1932,0.0334
1992,SI,0.3095,0.2077,0.043
1993,SI,0.2831,0.2311,0.0466
1994,SI,0.2976,0.2309,0.0474
1995,SI,0.2816,0.2357,0.0489
1996,SI,0.2811,0.2417,0.0484
1997,SI,0.2796,0.2505,0.0492
1998,SI,0.2824,0.2384,0.0559
1999,SI,0.2759,0.2561,0.0608
2000,SI,0.282,0.2411,0.0526
2001,SI,0.2824,0.2417,0.0535
2002,SI,0.2795,0.244,0.052
2003,SI,0.2775,0.2502,0.0565
2004,SI,0.2733,0.2492,0.0542
2005,SI,0.2759,0.2452,0.0519
2006,SI,0.275,0.2478,0.0569
2007,SI,0.2752,0.2475,0.0555
2008,SI,0.2784,0.2475,0.0553
2009,SI,0.2802,0.2441,0.0521
2010,SI,0.2787,0.2446,0.0534
2011,SI,0.2822,0.24,0.0516
2012,SI,0.2772,0.2407,0.049
2013,SI,0.2732,0.2453,0.052
2014,SI,0.2686,0.2536,0.0597
2015,SI,0.2746,0.242,0.052
2016,SI,0.277,0.2442,0.0537
2017,SI,0.2803,0.2476,0.059
2018,SI,0.2844,0.2488,0.0598
2019,SI,0.2846,0.2484,0.0591
2020,SI,0.2826,0.2529,0.0633
2021,SI,0.2828,0.2525,0.0629
1980,SK,0.3122,0.2024,0.0331
1981,SK,0.3073,0.2006,0.0307
1982,SK,0.3279,0.1992,0.0322
1983,SK,0.3295,0.1987,0.0319
1984,SK,0.3311,0.1977,0.0318
1985,SK,0.3319,0.1971,0.0316
1986,SK,0.3319,0.1991,0.0332
1987,SK,0.3315,0.2022,0.0347
1988,SK,0.3315,0.2046,0.0363
1989,SK,0.3308,0.2061,0.0379
1990,SK,0.3278,0.208,0.0402
1991,SK,0.3099,0.2278,0.0521
1992,SK,0.3092,0.2168,0.0459
1993,SK,0.2813,0.2292,0.0511
1994,SK,0.264,0.2348,0.0508
1995,SK,0.2401,0.2464,0.0559
1996,SK,0.2537,0.2497,0.0585
1997,SK,0.27,0.2434,0.0572
1998,SK,0.2732,0.2439,0.0585
1999,SK,0.2754,0.2504,0.0618
2000,SK,0.2752,0.2509,0.0638
2001,SK,0.2695,0.2648,0.0716
2002,SK,0.2671,0.2665,0.0718
2003,SK,0.2664,0.2648,0.0722
2004,SK,0.2594,0.2747,0.0827
2005,SK,0.2608,0.2755,0.0803
2006,SK,0.2592,0.2834,0.0851
2007,SK,0.2606,0.2839,0.0839
2008,SK,0.2634,0.28,0.0796
2009,SK,0.2608,0.2742,0.0812
2010,SK,0.2491,0.2957,0.098
2011,SK,0.2498,0.2877,0.0862
2012,SK,0.2549,0.2814,0.086
2013,SK,0.256,0.3058,0.1053
2014,SK,0.2754,0.278,0.0891
2015,SK,0.2664,0.2928,0.0996
2016,SK,0.2797,0.2671,0.0758
2017,SK,0.2934,0.2442,0.0683
2018,SK,0.2825,0.2474,0.0635
2019,SK,0.2919,0.2373,0.0606
2020,SK,0.2951,0.23,0.0543
2021,SK,0.2948,0.2307,0.0549
1980,US,0.2544,0.2912,0.0834
1981,US,0.2492,0.3003,0.0898
1982,US,0.241,0.3053,0.0933
1983,US,0.2322,0.3141,0.0984
1984,US,0.2252,0.3274,0.1067
1985,US,0.2245,0.3284,0.1091
1986,US,0.221,0.3238,0.1031
1987,US,0.2202,0.3301,0.1138
1988,US,0.212,0.3512,0.1339
1989,US,0.2149,0.3459,0.1287
1990,US,0.2145,0.3452,0.1281
1991,US,0.2159,0.3379,0.1167
1992,US,0.2091,0.3475,0.1251
1993,US,0.2123,0.3414,0.1166
1994,US,0.2134,0.3401,0.1153
1995,US,0.2107,0.3457,0.1192
1996,US,0.2068,0.3537,0.1253
1997,US,0.2044,0.3592,0.1313
1998,US,0.2029,0.3608,0.1326
1999,US,0.1999,0.3641,0.1356
2000,US,0.1962,0.369,0.1405
2001,US,0.1985,0.3676,0.1397
2002,US,0.1987,0.368,0.1402
2003,US,0.1952,0.3716,0.1436
2004,US,0.1924,0.3772,0.1484
2005,US,0.1904,0.3837,0.1546
2006,US,0.1885,0.3879,0.1574
2007,US,0.1928,0.3806,0.1523
2008,US,0.1984,0.374,0.1486
2009,US,0.1938,0.3724,0.1443
2010,US,0.1937,0.3833,0.1557
2011,US,0.1907,0.3879,0.1581
2012,US,0.1822,0.4016,0.1694
2013,US,0.1854,0.3935,0.1585
2014,US,0.1824,0.3984,0.1621
2015,US,0.1836,0.3959,0.1596
2016,US,0.1811,0.3961,0.1592
2017,US,0.1838,0.397,0.161
2018,US,0.1802,0.4035,0.1655
2019,US,0.1832,0.4018,0.164