year,country,gptincj992
1980,AD,0.4447
1981,AD,0.4462
1982,AD,0.4474
1983,AD,0.4467
1984,AD,0.4511
1985,AD,0.4558
1986,AD,0.4511
1987,AD,0.4493
1988,AD,0.4446
1989,AD,0.4448
1990,AD,0.4437
1991,AD,0.4412
1992,AD,0.45
1993,AD,0.4578
1994,AD,0.4658
1995,AD,0.463
1996,AD,0.4639
1997,AD,0.4717
1998,AD,0.4714
1999,AD,0.472
2000,AD,0.4786
2001,AD,0.476
2002,AD,0.471
2003,AD,0.4747
2004,AD,0.4829
2005,AD,0.4832
2006,AD,0.4881
2007,AD,0.486
2008,AD,0.4697
2009,AD,0.4627
2010,AD,0.481
2011,AD,0.4817
2012,AD,0.4774
2013,AD,0.4812
2014,AD,0.4848
2015,AD,0.484
2016,AD,0.4836
2017,AD,0.4829
2018,AD,0.4811
2019,AD,0.478
2020,AD,0.4784
2021,AD,0.4829
2022,AD,0.4833
2023,AD,0.4833
1980,AE,0.6425000000000001
1981,AE,0.6425000000000001
1982,AE,0.6425000000000001
1983,AE,0.6425000000000001
1984,AE,0.6425000000000001
1985,AE,0.6425000000000001
1986,AE,0.6425000000000001
1987,AE,0.6425000000000001
1988,AE,0.6425000000000001
1989,AE,0.6425000000000001
1990,AE,0.6425000000000001
1991,AE,0.6425000000000001
1992,AE,0.6425000000000001
1993,AE,0.6425000000000001
1994,AE,0.6425000000000001
1995,AE,0.6425000000000001
1996,AE,0.6425000000000001
1997,AE,0.6425000000000001
1998,AE,0.6425000000000001
1999,AE,0.6434000000000001
2000,AE,0.6443
2001,AE,0.6453
2002,AE,0.6464000000000001
2003,AE,0.6476000000000001
2004,AE,0.649
2005,AE,0.6505000000000001
2006,AE,0.6522
2007,AE,0.6542
2008,AE,0.6564
2009,AE,0.659
2010,AE,0.6462
2011,AE,0.6337
2012,AE,0.6216
2013,AE,0.61
2014,AE,0.6138
2015,AE,0.6058
2016,AE,0.5981000000000001
2017,AE,0.5905
2018,AE,0.5831000000000001
2019,AE,0.5831000000000001
2020,AE,0.5831000000000001
2021,AE,0.5831000000000001
2022,AE,0.5831000000000001
2023,AE,0.5831000000000001
1980,AF,0.4924
1981,AF,0.4924
1982,AF,0.4924
1983,AF,0.4924
1984,AF,0.4924
1985,AF,0.4924
1986,AF,0.4924
1987,AF,0.4924
1988,AF,0.4924
1989,AF,0.4924
1990,AF,0.4924
1991,AF,0.4924
1992,AF,0.4924
1993,AF,0.4924
1994,AF,0.4924
1995,AF,0.4924
1996,AF,0.4924
1997,AF,0.4924
1998,AF,0.4924
1999,AF,0.4924
2000,AF,0.4924
2001,AF,0.4924
2002,AF,0.4924
2003,AF,0.4924
2004,AF,0.4924
2005,AF,0.4924
2006,AF,0.4924
2007,AF,0.4924
2008,AF,0.4924
2009,AF,0.4803
2010,AF,0.4792
2011,AF,0.4671
2012,AF,0.4599
2013,AF,0.4645
2014,AF,0.4675
2015,AF,0.4685
2016,AF,0.474
2017,AF,0.4803
2018,AF,0.4803
2019,AF,0.4803
2020,AF,0.4803
2021,AF,0.4803
2022,AF,0.4803
2023,AF,0.4803
1980,AG,0.6852
1981,AG,0.6854
1982,AG,0.6857000000000001
1983,AG,0.6859000000000001
1984,AG,0.6861
1985,AG,0.6863
1986,AG,0.6866
1987,AG,0.6868000000000001
1988,AG,0.6871
1989,AG,0.6877
1990,AG,0.6879000000000001
1991,AG,0.6868000000000001
1992,AG,0.6859000000000001
1993,AG,0.6851
1994,AG,0.6842
1995,AG,0.6834
1996,AG,0.6826
1997,AG,0.6818000000000001
1998,AG,0.681
1999,AG,0.6802
2000,AG,0.6794
2001,AG,0.6781
2002,AG,0.6768000000000001
2003,AG,0.6756
2004,AG,0.6745
2005,AG,0.6734
2006,AG,0.6724
2007,AG,0.6714
2008,AG,0.6704
2009,AG,0.6695
2010,AG,0.6687000000000001
2011,AG,0.6601
2012,AG,0.6516000000000001
2013,AG,0.6431
2014,AG,0.6347
2015,AG,0.6264000000000001
2016,AG,0.6182000000000001
2017,AG,0.6099
2018,AG,0.6018
2019,AG,0.5937
2020,AG,0.5868
2021,AG,0.5868
2022,AG,0.5868
2023,AG,0.5868
1980,AI,0.6852
1981,AI,0.6854
1982,AI,0.6857000000000001
1983,AI,0.6859000000000001
1984,AI,0.6861
1985,AI,0.6863
1986,AI,0.6866
1987,AI,0.6868000000000001
1988,AI,0.6871
1989,AI,0.6877
1990,AI,0.6879000000000001
1991,AI,0.6868000000000001
1992,AI,0.6859000000000001
1993,AI,0.6851
1994,AI,0.6842
1995,AI,0.6834
1996,AI,0.6826
1997,AI,0.6818000000000001
1998,AI,0.681
1999,AI,0.6802
2000,AI,0.6794
2001,AI,0.6781
2002,AI,0.6768000000000001
2003,AI,0.6756
2004,AI,0.6745
2005,AI,0.6734
2006,AI,0.6724
2007,AI,0.6714
2008,AI,0.6704
2009,AI,0.6695
2010,AI,0.6687000000000001
2011,AI,0.6601
2012,AI,0.6516000000000001
2013,AI,0.6431
2014,AI,0.6347
2015,AI,0.6264000000000001
2016,AI,0.6182000000000001
2017,AI,0.6099
2018,AI,0.6018
2019,AI,0.5937
2020,AI,0.5868
2021,AI,0.5868
2022,AI,0.5868
2023,AI,0.5868
1980,AL,0.4538
1981,AL,0.4538
1982,AL,0.4538
1983,AL,0.4538
1984,AL,0.4538
1985,AL,0.4538
1986,AL,0.4538
1987,AL,0.4538
1988,AL,0.4538
1989,AL,0.4538
1990,AL,0.4538
1991,AL,0.4538
1992,AL,0.4538
1993,AL,0.4538
1994,AL,0.4538
1995,AL,0.4538
1996,AL,0.4538
1997,AL,0.4578
1998,AL,0.458
1999,AL,0.462
2000,AL,0.4615
2001,AL,0.4629
2002,AL,0.4667
2003,AL,0.4645
2004,AL,0.461
2005,AL,0.4589
2006,AL,0.4575
2007,AL,0.4458
2008,AL,0.4539
2009,AL,0.4526
2010,AL,0.4562
2011,AL,0.4617
2012,AL,0.4589
2013,AL,0.4776
2014,AL,0.4876
2015,AL,0.4827
2016,AL,0.4836
2017,AL,0.4854
2018,AL,0.4837
2019,AL,0.4807
2020,AL,0.4787
2021,AL,0.4787
2022,AL,0.4787
2023,AL,0.4787
1980,AM,0.3026
1981,AM,0.3009
1982,AM,0.2993
1983,AM,0.2977
1984,AM,0.2961
1985,AM,0.2946
1986,AM,0.2937
1987,AM,0.2929
1988,AM,0.2921
1989,AM,0.2953
1990,AM,0.3092
1991,AM,0.3516
1992,AM,0.3939
1993,AM,0.4361
1994,AM,0.4783
1995,AM,0.5205000000000001
1996,AM,0.5631
1997,AM,0.5491
1998,AM,0.5328
1999,AM,0.5224
2000,AM,0.507
2001,AM,0.4965
2002,AM,0.5004000000000001
2003,AM,0.4883
2004,AM,0.5223
2005,AM,0.5136000000000001
2006,AM,0.4453
2007,AM,0.4599
2008,AM,0.4398
2009,AM,0.4331
2010,AM,0.4574
2011,AM,0.4415
2012,AM,0.4407
2013,AM,0.4512
2014,AM,0.4617
2015,AM,0.4756
2016,AM,0.4822
2017,AM,0.5038
2018,AM,0.5062
2019,AM,0.4637
2020,AM,0.4637
2021,AM,0.4637
2022,AM,0.4637
2023,AM,0.4637
1980,AO,0.677
1981,AO,0.677
1982,AO,0.677
1983,AO,0.677
1984,AO,0.677
1985,AO,0.677
1986,AO,0.677
1987,AO,0.677
1988,AO,0.677
1989,AO,0.677
1990,AO,0.677
1991,AO,0.677
1992,AO,0.677
1993,AO,0.677
1994,AO,0.677
1995,AO,0.677
1996,AO,0.677
1997,AO,0.677
1998,AO,0.677
1999,AO,0.677
2000,AO,0.677
2001,AO,0.6668000000000001
2002,AO,0.6567000000000001
2003,AO,0.6465000000000001
2004,AO,0.6363
2005,AO,0.6261
2006,AO,0.616
2007,AO,0.6058
2008,AO,0.5956
2009,AO,0.6038
2010,AO,0.612
2011,AO,0.6202000000000001
2012,AO,0.6284000000000001
2013,AO,0.6366
2014,AO,0.6448
2015,AO,0.653
2016,AO,0.6612
2017,AO,0.6694
2018,AO,0.6776
2019,AO,0.6776
2020,AO,0.6776
2021,AO,0.6776
2022,AO,0.6776
2023,AO,0.6776
1980,AR,0.6419
1981,AR,0.6419
1982,AR,0.6419
1983,AR,0.6419
1984,AR,0.6419
1985,AR,0.6419
1986,AR,0.6419
1987,AR,0.6419
1988,AR,0.6419
1989,AR,0.6419
1990,AR,0.6419
1991,AR,0.6419
1992,AR,0.6419
1993,AR,0.6419
1994,AR,0.6419
1995,AR,0.6419
1996,AR,0.6419
1997,AR,0.6419
1998,AR,0.6419
1999,AR,0.6419
2000,AR,0.6419
2001,AR,0.6649
2002,AR,0.6711
2003,AR,0.6239
2004,AR,0.6074
2005,AR,0.5972000000000001
2006,AR,0.5839
2007,AR,0.5933
2008,AR,0.5929
2009,AR,0.5740000000000001
2010,AR,0.5761000000000001
2011,AR,0.5602
2012,AR,0.5415
2013,AR,0.5463
2014,AR,0.5555
2015,AR,0.5645
2016,AR,0.5734
2017,AR,0.5543
2018,AR,0.5605
2019,AR,0.5807
2020,AR,0.6001000000000001
2021,AR,0.5612
2022,AR,0.55
2023,AR,0.55
1980,AT,0.4429
1981,AT,0.4429
1982,AT,0.443
1983,AT,0.4427
1984,AT,0.4423
1985,AT,0.414
1986,AT,0.4142
1987,AT,0.4021
1988,AT,0.4027
1989,AT,0.4093
1990,AT,0.4079
1991,AT,0.4388
1992,AT,0.4378
1993,AT,0.4105
1994,AT,0.4128
1995,AT,0.442
1996,AT,0.4432
1997,AT,0.4177
1998,AT,0.4207
1999,AT,0.4061
2000,AT,0.4486
2001,AT,0.4104
2002,AT,0.4484
2003,AT,0.4296
2004,AT,0.409
2005,AT,0.4258
2006,AT,0.4447
2007,AT,0.4268
2008,AT,0.4277
2009,AT,0.4207
2010,AT,0.4234
2011,AT,0.4149
2012,AT,0.3978
2013,AT,0.3971
2014,AT,0.4132
2015,AT,0.4105
2016,AT,0.4172
2017,AT,0.4048
2018,AT,0.408
2019,AT,0.4007
2020,AT,0.4186
2021,AT,0.4186
2022,AT,0.4186
2023,AT,0.4186
1980,AU,0.4208
1981,AU,0.4211
1982,AU,0.4261
1983,AU,0.4218
1984,AU,0.4244
1985,AU,0.4273
1986,AU,0.4349
1987,AU,0.4492
1988,AU,0.4615
1989,AU,0.4434
1990,AU,0.4388
1991,AU,0.4505
1992,AU,0.4453
1993,AU,0.452
1994,AU,0.456
1995,AU,0.4587
1996,AU,0.4566
1997,AU,0.455
1998,AU,0.4624
1999,AU,0.465
2000,AU,0.468
2001,AU,0.4611
2002,AU,0.4754
2003,AU,0.4706
2004,AU,0.4749
2005,AU,0.4814000000000001
2006,AU,0.4824
2007,AU,0.4814000000000001
2008,AU,0.4879
2009,AU,0.4885
2010,AU,0.4869
2011,AU,0.4869
2012,AU,0.4876
2013,AU,0.4879
2014,AU,0.4883
2015,AU,0.4897
2016,AU,0.4829
2017,AU,0.4876
2018,AU,0.4798
2019,AU,0.4824
2020,AU,0.4824
2021,AU,0.4824
2022,AU,0.4824
2023,AU,0.4824
1980,AZ,0.3026
1981,AZ,0.3009
1982,AZ,0.2993
1983,AZ,0.2977
1984,AZ,0.2961
1985,AZ,0.2946
1986,AZ,0.2937
1987,AZ,0.2929
1988,AZ,0.2921
1989,AZ,0.2953
1990,AZ,0.3092
1991,AZ,0.3538
1992,AZ,0.3982
1993,AZ,0.4427
1994,AZ,0.4871
1995,AZ,0.5318
1996,AZ,0.5357000000000001
1997,AZ,0.5369
1998,AZ,0.5304
1999,AZ,0.532
2000,AZ,0.5241
2001,AZ,0.5202
2002,AZ,0.4296
2003,AZ,0.4277
2004,AZ,0.4259
2005,AZ,0.4419
2006,AZ,0.5036
2007,AZ,0.5181
2008,AZ,0.4372
2009,AZ,0.4324
2010,AZ,0.4228
2011,AZ,0.4311
2012,AZ,0.4407
2013,AZ,0.4337
2014,AZ,0.4336
2015,AZ,0.4251
2016,AZ,0.4124
2017,AZ,0.4265
2018,AZ,0.4265
2019,AZ,0.4265
2020,AZ,0.4265
2021,AZ,0.4265
2022,AZ,0.4265
2023,AZ,0.4265
1980,AW,0.6852
1981,AW,0.6854
1982,AW,0.6857000000000001
1983,AW,0.6859000000000001
1984,AW,0.6861
1985,AW,0.6863
1986,AW,0.6866
1987,AW,0.6868000000000001
1988,AW,0.6871
1989,AW,0.6877
1990,AW,0.6879000000000001
1991,AW,0.6868000000000001
1992,AW,0.6859000000000001
1993,AW,0.6851
1994,AW,0.6842
1995,AW,0.6834
1996,AW,0.6826
1997,AW,0.6818000000000001
1998,AW,0.681
1999,AW,0.6802
2000,AW,0.6794
2001,AW,0.6781
2002,AW,0.6768000000000001
2003,AW,0.6756
2004,AW,0.6745
2005,AW,0.6734
2006,AW,0.6724
2007,AW,0.6714
2008,AW,0.6704
2009,AW,0.6695
2010,AW,0.6687000000000001
2011,AW,0.6601
2012,AW,0.6516000000000001
2013,AW,0.6431
2014,AW,0.6347
2015,AW,0.6264000000000001
2016,AW,0.6182000000000001
2017,AW,0.6099
2018,AW,0.6018
2019,AW,0.5937
2020,AW,0.5868
2021,AW,0.5868
2022,AW,0.5868
2023,AW,0.5868
1980,BA,0.4451
1981,BA,0.4452
1982,BA,0.4452
1983,BA,0.4451
1984,BA,0.445
1985,BA,0.445
1986,BA,0.4449
1987,BA,0.4448
1988,BA,0.4448
1989,BA,0.4448
1990,BA,0.4448
1991,BA,0.4465
1992,BA,0.4485
1993,BA,0.4507
1994,BA,0.453
1995,BA,0.4561
1996,BA,0.4561
1997,BA,0.4562
1998,BA,0.4584
1999,BA,0.4548
2000,BA,0.4541
2001,BA,0.4547
2002,BA,0.4636
2003,BA,0.4713
2004,BA,0.477
2005,BA,0.4753
2006,BA,0.4719
2007,BA,0.4688000000000001
2008,BA,0.4745
2009,BA,0.476
2010,BA,0.4791
2011,BA,0.4815
2012,BA,0.4833
2013,BA,0.4837
2014,BA,0.4816
2015,BA,0.4831
2016,BA,0.4822
2017,BA,0.4836
2018,BA,0.4819000000000001
2019,BA,0.4789
2020,BA,0.4767
2021,BA,0.4767
2022,BA,0.4767
2023,BA,0.4767
1980,BB,0.6852
1981,BB,0.6854
1982,BB,0.6857000000000001
1983,BB,0.6859000000000001
1984,BB,0.6861
1985,BB,0.6863
1986,BB,0.6866
1987,BB,0.6868000000000001
1988,BB,0.6871
1989,BB,0.6877
1990,BB,0.6879000000000001
1991,BB,0.6868000000000001
1992,BB,0.6859000000000001
1993,BB,0.6851
1994,BB,0.6842
1995,BB,0.6834
1996,BB,0.6826
1997,BB,0.6818000000000001
1998,BB,0.681
1999,BB,0.6802
2000,BB,0.6794
2001,BB,0.6781
2002,BB,0.6768000000000001
2003,BB,0.6756
2004,BB,0.6745
2005,BB,0.6734
2006,BB,0.6724
2007,BB,0.6714
2008,BB,0.6704
2009,BB,0.6695
2010,BB,0.6687000000000001
2011,BB,0.6601
2012,BB,0.6516000000000001
2013,BB,0.6431
2014,BB,0.6347
2015,BB,0.6264000000000001
2016,BB,0.6182000000000001
2017,BB,0.6099
2018,BB,0.6018
2019,BB,0.5937
2020,BB,0.5868
2021,BB,0.5868
2022,BB,0.5868
2023,BB,0.5868
1980,BD,0.4404
1981,BD,0.4404
1982,BD,0.4404
1983,BD,0.4404
1984,BD,0.4489
1985,BD,0.4572
1986,BD,0.4643
1987,BD,0.4712
1988,BD,0.478
1989,BD,0.4718
1990,BD,0.4658
1991,BD,0.4599
1992,BD,0.477
1993,BD,0.4927
1994,BD,0.5072
1995,BD,0.5207
1996,BD,0.5208
1997,BD,0.5213
1998,BD,0.5209
1999,BD,0.5228
2000,BD,0.5233
2001,BD,0.5241
2002,BD,0.5282
2003,BD,0.5337000000000001
2004,BD,0.5346000000000001
2005,BD,0.5365
2006,BD,0.5332
2007,BD,0.5313
2008,BD,0.5195000000000001
2009,BD,0.5137
2010,BD,0.5158
2011,BD,0.5106
2012,BD,0.5089
2013,BD,0.5068
2014,BD,0.5034000000000001
2015,BD,0.4984
2016,BD,0.4971
2017,BD,0.4973
2018,BD,0.4973
2019,BD,0.4973
2020,BD,0.4973
2021,BD,0.4973
2022,BD,0.4973
2023,BD,0.4973
1980,BE,0.4363
1981,BE,0.4363
1982,BE,0.4363
1983,BE,0.4363
1984,BE,0.4363
1985,BE,0.4362
1986,BE,0.4416
1987,BE,0.4558
1988,BE,0.4539
1989,BE,0.4526
1990,BE,0.4393
1991,BE,0.4404
1992,BE,0.4396
1993,BE,0.4391
1994,BE,0.4479
1995,BE,0.442
1996,BE,0.4465
1997,BE,0.4424
1998,BE,0.4485
1999,BE,0.4444
2000,BE,0.4521
2001,BE,0.4473
2002,BE,0.4397
2003,BE,0.4451
2004,BE,0.439
2005,BE,0.4337
2006,BE,0.434
2007,BE,0.4374
2008,BE,0.4204
2009,BE,0.4211
2010,BE,0.4302
2011,BE,0.4259
2012,BE,0.434
2013,BE,0.4304
2014,BE,0.4383
2015,BE,0.4387
2016,BE,0.4358
2017,BE,0.433
2018,BE,0.4331
2019,BE,0.4343
2020,BE,0.4322
2021,BE,0.4322
2022,BE,0.4322
2023,BE,0.4322
1980,BF,0.6583
1981,BF,0.6583
1982,BF,0.6583
1983,BF,0.6583
1984,BF,0.6583
1985,BF,0.6583
1986,BF,0.6583
1987,BF,0.6583
1988,BF,0.6583
1989,BF,0.6583
1990,BF,0.6583
1991,BF,0.6583
1992,BF,0.6583
1993,BF,0.6583
1994,BF,0.6583
1995,BF,0.6644
1996,BF,0.6705
1997,BF,0.6766
1998,BF,0.6827000000000001
1999,BF,0.6737000000000001
2000,BF,0.6646000000000001
2001,BF,0.6556000000000001
2002,BF,0.6466000000000001
2003,BF,0.6376000000000001
2004,BF,0.6286
2005,BF,0.6195
2006,BF,0.6105
2007,BF,0.6015
2008,BF,0.5925
2009,BF,0.5835
2010,BF,0.5761000000000001
2011,BF,0.5687
2012,BF,0.5613
2013,BF,0.5539000000000001
2014,BF,0.5465
2015,BF,0.5629000000000001
2016,BF,0.5793
2017,BF,0.5957
2018,BF,0.6121
2019,BF,0.5944
2020,BF,0.5768
2021,BF,0.5592
2022,BF,0.5592
2023,BF,0.5592
1980,BG,0.457
1981,BG,0.457
1982,BG,0.457
1983,BG,0.457
1984,BG,0.457
1985,BG,0.457
1986,BG,0.457
1987,BG,0.457
1988,BG,0.457
1989,BG,0.457
1990,BG,0.457
1991,BG,0.457
1992,BG,0.457
1993,BG,0.457
1994,BG,0.4571
1995,BG,0.4571
1996,BG,0.459
1997,BG,0.4628
1998,BG,0.4663
1999,BG,0.4692
2000,BG,0.4696
2001,BG,0.4718
2002,BG,0.4766
2003,BG,0.476
2004,BG,0.4788
2005,BG,0.4791
2006,BG,0.4751
2007,BG,0.4635
2008,BG,0.4489
2009,BG,0.4642
2010,BG,0.4695
2011,BG,0.4712
2012,BG,0.4932
2013,BG,0.4715
2014,BG,0.4899
2015,BG,0.5
2016,BG,0.5204
2017,BG,0.5352
2018,BG,0.5306000000000001
2019,BG,0.53
2020,BG,0.5296000000000001
2021,BG,0.5069
2022,BG,0.5073
2023,BG,0.5072
1980,BH,0.6401
1981,BH,0.6401
1982,BH,0.6401
1983,BH,0.6401
1984,BH,0.6401
1985,BH,0.6401
1986,BH,0.6401
1987,BH,0.6401
1988,BH,0.6401
1989,BH,0.6401
1990,BH,0.6401
1991,BH,0.6401
1992,BH,0.6401
1993,BH,0.6401
1994,BH,0.6401
1995,BH,0.6401
1996,BH,0.643
1997,BH,0.646
1998,BH,0.649
1999,BH,0.6521
2000,BH,0.6552
2001,BH,0.6584
2002,BH,0.6616000000000001
2003,BH,0.6649
2004,BH,0.6682
2005,BH,0.6716000000000001
2006,BH,0.6519
2007,BH,0.6301
2008,BH,0.6057
2009,BH,0.5784
2010,BH,0.5920000000000001
2011,BH,0.605
2012,BH,0.6173000000000001
2013,BH,0.6292
2014,BH,0.6405000000000001
2015,BH,0.6514
2016,BH,0.6514
2017,BH,0.6514
2018,BH,0.6514
2019,BH,0.6514
2020,BH,0.6514
2021,BH,0.6514
2022,BH,0.6514
2023,BH,0.6514
1980,BI,0.5986
1981,BI,0.5986
1982,BI,0.5986
1983,BI,0.5986
1984,BI,0.5986
1985,BI,0.5986
1986,BI,0.5986
1987,BI,0.5986
1988,BI,0.5986
1989,BI,0.5986
1990,BI,0.5986
1991,BI,0.5986
1992,BI,0.5986
1993,BI,0.5986
1994,BI,0.5986
1995,BI,0.5986
1996,BI,0.5986
1997,BI,0.5986
1998,BI,0.5986
1999,BI,0.5896
2000,BI,0.5806
2001,BI,0.5717
2002,BI,0.5627
2003,BI,0.5537000000000001
2004,BI,0.5448000000000001
2005,BI,0.5358
2006,BI,0.5269
2007,BI,0.5328
2008,BI,0.5388000000000001
2009,BI,0.5448000000000001
2010,BI,0.5508000000000001
2011,BI,0.5568000000000001
2012,BI,0.5628000000000001
2013,BI,0.5688
2014,BI,0.5671
2015,BI,0.5655
2016,BI,0.5639000000000001
2017,BI,0.5623
2018,BI,0.5606
2019,BI,0.559
2020,BI,0.5574
2021,BI,0.5574
2022,BI,0.5574
2023,BI,0.5574
1980,BJ,0.5709000000000001
1981,BJ,0.5709000000000001
1982,BJ,0.5709000000000001
1983,BJ,0.5709000000000001
1984,BJ,0.5709000000000001
1985,BJ,0.5709000000000001
1986,BJ,0.5709000000000001
1987,BJ,0.5709000000000001
1988,BJ,0.5709000000000001
1989,BJ,0.5709000000000001
1990,BJ,0.5709000000000001
1991,BJ,0.5709000000000001
1992,BJ,0.5709000000000001
1993,BJ,0.5709000000000001
1994,BJ,0.5709000000000001
1995,BJ,0.5709000000000001
1996,BJ,0.5709000000000001
1997,BJ,0.5709000000000001
1998,BJ,0.5709000000000001
1999,BJ,0.5709000000000001
2000,BJ,0.5709000000000001
2001,BJ,0.5709000000000001
2002,BJ,0.5709000000000001
2003,BJ,0.5709000000000001
2004,BJ,0.5756
2005,BJ,0.5804
2006,BJ,0.5851000000000001
2007,BJ,0.5899
2008,BJ,0.5946
2009,BJ,0.5994
2010,BJ,0.6042000000000001
2011,BJ,0.6089
2012,BJ,0.6163000000000001
2013,BJ,0.6237
2014,BJ,0.6311
2015,BJ,0.6385000000000001
2016,BJ,0.6128
2017,BJ,0.5871000000000001
2018,BJ,0.5614
2019,BJ,0.5495
2020,BJ,0.5376000000000001
2021,BJ,0.5256000000000001
2022,BJ,0.5256000000000001
2023,BJ,0.5256000000000001
1980,BM,0.4403
1981,BM,0.4412
1982,BM,0.4421
1983,BM,0.443
1984,BM,0.444
1985,BM,0.4449
1986,BM,0.4459
1987,BM,0.4469
1988,BM,0.4479
1989,BM,0.449
1990,BM,0.45
1991,BM,0.4515
1992,BM,0.453
1993,BM,0.4544
1994,BM,0.4558
1995,BM,0.4571
1996,BM,0.4584
1997,BM,0.4596
1998,BM,0.4608
1999,BM,0.462
2000,BM,0.4631
2001,BM,0.4719
2002,BM,0.4805
2003,BM,0.489
2004,BM,0.4972
2005,BM,0.5052
2006,BM,0.5131
2007,BM,0.5207
2008,BM,0.5282
2009,BM,0.5356000000000001
2010,BM,0.5428000000000001
2011,BM,0.5447000000000001
2012,BM,0.5466
2013,BM,0.5483
2014,BM,0.55
2015,BM,0.5516
2016,BM,0.5531
2017,BM,0.5546
2018,BM,0.556
2019,BM,0.5574
2020,BM,0.5587
2021,BM,0.5587
2022,BM,0.5587
2023,BM,0.5587
1980,BN,0.4608
1981,BN,0.4608
1982,BN,0.4608
1983,BN,0.4608
1984,BN,0.4608
1985,BN,0.4608
1986,BN,0.4608
1987,BN,0.4608
1988,BN,0.4608
1989,BN,0.4608
1990,BN,0.4608
1991,BN,0.4608
1992,BN,0.4608
1993,BN,0.4608
1994,BN,0.4608
1995,BN,0.4608
1996,BN,0.4608
1997,BN,0.4608
1998,BN,0.4608
1999,BN,0.4608
2000,BN,0.4608
2001,BN,0.4608
2002,BN,0.4608
2003,BN,0.4608
2004,BN,0.4608
2005,BN,0.4608
2006,BN,0.4528
2007,BN,0.447
2008,BN,0.4415
2009,BN,0.4401
2010,BN,0.4346
2011,BN,0.4267
2012,BN,0.426
2013,BN,0.4288
2014,BN,0.4345
2015,BN,0.4369
2016,BN,0.4408
2017,BN,0.44
2018,BN,0.4385
2019,BN,0.4385
2020,BN,0.4385
2021,BN,0.4385
2022,BN,0.4385
2023,BN,0.4385
1980,BO,0.6777000000000001
1981,BO,0.6777000000000001
1982,BO,0.6777000000000001
1983,BO,0.6777000000000001
1984,BO,0.6777000000000001
1985,BO,0.6777000000000001
1986,BO,0.6777000000000001
1987,BO,0.6777000000000001
1988,BO,0.6777000000000001
1989,BO,0.6777000000000001
1990,BO,0.6777000000000001
1991,BO,0.6777000000000001
1992,BO,0.6777000000000001
1993,BO,0.6777000000000001
1994,BO,0.6777000000000001
1995,BO,0.6777000000000001
1996,BO,0.6777000000000001
1997,BO,0.6777000000000001
1998,BO,0.6777000000000001
1999,BO,0.6777000000000001
2000,BO,0.6777000000000001
2001,BO,0.687
2002,BO,0.6859000000000001
2003,BO,0.6809000000000001
2004,BO,0.6762
2005,BO,0.6766
2006,BO,0.6723
2007,BO,0.6794
2008,BO,0.6755
2009,BO,0.6676000000000001
2010,BO,0.6661
2011,BO,0.6595000000000001
2012,BO,0.6535000000000001
2013,BO,0.6564
2014,BO,0.6503
2015,BO,0.6494
2016,BO,0.6506000000000001
2017,BO,0.6492
2018,BO,0.6533
2019,BO,0.6493
2020,BO,0.673
2021,BO,0.655
2022,BO,0.6425000000000001
2023,BO,0.6425000000000001
1980,BQ,0.6852
1981,BQ,0.6854
1982,BQ,0.6857000000000001
1983,BQ,0.6859000000000001
1984,BQ,0.6861
1985,BQ,0.6863
1986,BQ,0.6866
1987,BQ,0.6868000000000001
1988,BQ,0.6871
1989,BQ,0.6877
1990,BQ,0.6879000000000001
1991,BQ,0.6868000000000001
1992,BQ,0.6859000000000001
1993,BQ,0.6851
1994,BQ,0.6842
1995,BQ,0.6834
1996,BQ,0.6826
1997,BQ,0.6818000000000001
1998,BQ,0.681
1999,BQ,0.6802
2000,BQ,0.6794
2001,BQ,0.6781
2002,BQ,0.6768000000000001
2003,BQ,0.6756
2004,BQ,0.6745
2005,BQ,0.6734
2006,BQ,0.6724
2007,BQ,0.6714
2008,BQ,0.6704
2009,BQ,0.6695
2010,BQ,0.6687000000000001
2011,BQ,0.6601
2012,BQ,0.6516000000000001
2013,BQ,0.6431
2014,BQ,0.6347
2015,BQ,0.6264000000000001
2016,BQ,0.6182000000000001
2017,BQ,0.6099
2018,BQ,0.6018
2019,BQ,0.5937
2020,BQ,0.5868
2021,BQ,0.5868
2022,BQ,0.5868
2023,BQ,0.5868
1980,BR,0.6857000000000001
1981,BR,0.6857000000000001
1982,BR,0.6857000000000001
1983,BR,0.6857000000000001
1984,BR,0.6857000000000001
1985,BR,0.6857000000000001
1986,BR,0.6857000000000001
1987,BR,0.6857000000000001
1988,BR,0.6857000000000001
1989,BR,0.6857000000000001
1990,BR,0.6857000000000001
1991,BR,0.6857000000000001
1992,BR,0.6857000000000001
1993,BR,0.6857000000000001
1994,BR,0.6857000000000001
1995,BR,0.6857000000000001
1996,BR,0.6857000000000001
1997,BR,0.6857000000000001
1998,BR,0.6857000000000001
1999,BR,0.6857000000000001
2000,BR,0.6857000000000001
2001,BR,0.6857000000000001
2002,BR,0.6917
2003,BR,0.6861
2004,BR,0.6786
2005,BR,0.6936
2006,BR,0.6923
2007,BR,0.6789000000000001
2008,BR,0.6795
2009,BR,0.6765
2010,BR,0.681
2011,BR,0.6855
2012,BR,0.6782
2013,BR,0.6709
2014,BR,0.6732
2015,BR,0.6817000000000001
2016,BR,0.6848000000000001
2017,BR,0.6822
2018,BR,0.681
2019,BR,0.6722
2020,BR,0.7018
2021,BR,0.6985
2022,BR,0.6918000000000001
2023,BR,0.6918000000000001
1980,BS,0.6777000000000001
1981,BS,0.6777000000000001
1982,BS,0.6777000000000001
1983,BS,0.6777000000000001
1984,BS,0.6777000000000001
1985,BS,0.6777000000000001
1986,BS,0.6777000000000001
1987,BS,0.6777000000000001
1988,BS,0.6777000000000001
1989,BS,0.6777000000000001
1990,BS,0.6777000000000001
1991,BS,0.6777000000000001
1992,BS,0.6777000000000001
1993,BS,0.6777000000000001
1994,BS,0.6777000000000001
1995,BS,0.6777000000000001
1996,BS,0.6777000000000001
1997,BS,0.6777000000000001
1998,BS,0.6777000000000001
1999,BS,0.6777000000000001
2000,BS,0.6777000000000001
2001,BS,0.687
2002,BS,0.6859000000000001
2003,BS,0.6809000000000001
2004,BS,0.6762
2005,BS,0.6766
2006,BS,0.6723
2007,BS,0.6794
2008,BS,0.6755
2009,BS,0.6676000000000001
2010,BS,0.6661
2011,BS,0.6595000000000001
2012,BS,0.6535000000000001
2013,BS,0.6564
2014,BS,0.6503
2015,BS,0.6494
2016,BS,0.6506000000000001
2017,BS,0.6492
2018,BS,0.6533
2019,BS,0.6493
2020,BS,0.673
2021,BS,0.655
2022,BS,0.6425000000000001
2023,BS,0.6425000000000001
1980,BT,0.5911000000000001
1981,BT,0.5911000000000001
1982,BT,0.5911000000000001
1983,BT,0.5911000000000001
1984,BT,0.5911000000000001
1985,BT,0.5911000000000001
1986,BT,0.5911000000000001
1987,BT,0.5911000000000001
1988,BT,0.5911000000000001
1989,BT,0.5911000000000001
1990,BT,0.5911000000000001
1991,BT,0.5911000000000001
1992,BT,0.5911000000000001
1993,BT,0.5911000000000001
1994,BT,0.5911000000000001
1995,BT,0.5911000000000001
1996,BT,0.5911000000000001
1997,BT,0.5911000000000001
1998,BT,0.5911000000000001
1999,BT,0.5911000000000001
2000,BT,0.5911000000000001
2001,BT,0.5911000000000001
2002,BT,0.5911000000000001
2003,BT,0.5911000000000001
2004,BT,0.5779000000000001
2005,BT,0.5673
2006,BT,0.5593
2007,BT,0.5535
2008,BT,0.5494
2009,BT,0.5502
2010,BT,0.5568000000000001
2011,BT,0.5548000000000001
2012,BT,0.5553
2013,BT,0.5491
2014,BT,0.5421
2015,BT,0.5338
2016,BT,0.5288
2017,BT,0.5248
2018,BT,0.5248
2019,BT,0.5248
2020,BT,0.5248
2021,BT,0.5248
2022,BT,0.5248
2023,BT,0.5248
1980,BW,0.7008
1981,BW,0.7008
1982,BW,0.7008
1983,BW,0.7008
1984,BW,0.7008
1985,BW,0.7008
1986,BW,0.7053
1987,BW,0.7097
1988,BW,0.7142000000000001
1989,BW,0.7186
1990,BW,0.7231000000000001
1991,BW,0.7275
1992,BW,0.7319
1993,BW,0.7364
1994,BW,0.7408
1995,BW,0.7453000000000001
1996,BW,0.7497
1997,BW,0.7542
1998,BW,0.7586
1999,BW,0.763
2000,BW,0.7675000000000001
2001,BW,0.7719
2002,BW,0.7764000000000001
2003,BW,0.7729
2004,BW,0.7694000000000001
2005,BW,0.7658
2006,BW,0.7623000000000001
2007,BW,0.7588
2008,BW,0.7553000000000001
2009,BW,0.7518
2010,BW,0.7416
2011,BW,0.7314
2012,BW,0.7212000000000001
2013,BW,0.7110000000000001
2014,BW,0.7008
2015,BW,0.6906
2016,BW,0.6906
2017,BW,0.6906
2018,BW,0.6906
2019,BW,0.6906
2020,BW,0.6906
2021,BW,0.6906
2022,BW,0.6906
2023,BW,0.6906
1980,BY,0.3026
1981,BY,0.3009
1982,BY,0.2993
1983,BY,0.2977
1984,BY,0.2961
1985,BY,0.2946
1986,BY,0.2937
1987,BY,0.2929
1988,BY,0.2921
1989,BY,0.2953
1990,BY,0.3092
1991,BY,0.316
1992,BY,0.3225
1993,BY,0.3294
1994,BY,0.3898
1995,BY,0.4153
1996,BY,0.4287
1997,BY,0.4565
1998,BY,0.46
1999,BY,0.4584
2000,BY,0.4533
2001,BY,0.4368
2002,BY,0.4337
2003,BY,0.4201
2004,BY,0.403
2005,BY,0.4083
2006,BY,0.4079
2007,BY,0.4343
2008,BY,0.4263
2009,BY,0.4167
2010,BY,0.4135
2011,BY,0.4428
2012,BY,0.4173
2013,BY,0.381
2014,BY,0.3945
2015,BY,0.3774
2016,BY,0.3796
2017,BY,0.3857
2018,BY,0.3816
2019,BY,0.3809
2020,BY,0.3809
2021,BY,0.3809
2022,BY,0.3809
2023,BY,0.3809
1980,BZ,0.6777000000000001
1981,BZ,0.6777000000000001
1982,BZ,0.6777000000000001
1983,BZ,0.6777000000000001
1984,BZ,0.6777000000000001
1985,BZ,0.6777000000000001
1986,BZ,0.6777000000000001
1987,BZ,0.6777000000000001
1988,BZ,0.6777000000000001
1989,BZ,0.6777000000000001
1990,BZ,0.6777000000000001
1991,BZ,0.6777000000000001
1992,BZ,0.6777000000000001
1993,BZ,0.6777000000000001
1994,BZ,0.6777000000000001
1995,BZ,0.6777000000000001
1996,BZ,0.6777000000000001
1997,BZ,0.6777000000000001
1998,BZ,0.6777000000000001
1999,BZ,0.6777000000000001
2000,BZ,0.6777000000000001
2001,BZ,0.687
2002,BZ,0.6859000000000001
2003,BZ,0.6809000000000001
2004,BZ,0.6762
2005,BZ,0.6766
2006,BZ,0.6723
2007,BZ,0.6794
2008,BZ,0.6755
2009,BZ,0.6676000000000001
2010,BZ,0.6661
2011,BZ,0.6595000000000001
2012,BZ,0.6535000000000001
2013,BZ,0.6564
2014,BZ,0.6503
2015,BZ,0.6494
2016,BZ,0.6506000000000001
2017,BZ,0.6492
2018,BZ,0.6533
2019,BZ,0.6493
2020,BZ,0.673
2021,BZ,0.655
2022,BZ,0.6425000000000001
2023,BZ,0.6425000000000001
1980,CA,0.4204
1981,CA,0.411
1982,CA,0.4085
1983,CA,0.4136
1984,CA,0.4145
1985,CA,0.4172
1986,CA,0.4279
1987,CA,0.4295
1988,CA,0.435
1989,CA,0.4441
1990,CA,0.4498
1991,CA,0.4571
1992,CA,0.4593
1993,CA,0.4696
1994,CA,0.4714
1995,CA,0.4791
1996,CA,0.484
1997,CA,0.4902
1998,CA,0.4918
1999,CA,0.4927
2000,CA,0.5017
2001,CA,0.4982
2002,CA,0.5002
2003,CA,0.503
2004,CA,0.5071
2005,CA,0.5104000000000001
2006,CA,0.5139
2007,CA,0.5139
2008,CA,0.5072
2009,CA,0.497
2010,CA,0.502
2011,CA,0.5014000000000001
2012,CA,0.4968
2013,CA,0.4975
2014,CA,0.4946
2015,CA,0.4935
2016,CA,0.4826
2017,CA,0.4878
2018,CA,0.4845
2019,CA,0.483
2020,CA,0.4967
2021,CA,0.4992
2022,CA,0.4992
2023,CA,0.4992
1980,CD,0.5915
1981,CD,0.5915
1982,CD,0.5915
1983,CD,0.5915
1984,CD,0.5915
1985,CD,0.5915
1986,CD,0.5915
1987,CD,0.5915
1988,CD,0.5915
1989,CD,0.5915
1990,CD,0.5915
1991,CD,0.5915
1992,CD,0.5915
1993,CD,0.5915
1994,CD,0.5915
1995,CD,0.5915
1996,CD,0.5915
1997,CD,0.5915
1998,CD,0.5915
1999,CD,0.5915
2000,CD,0.5915
2001,CD,0.5915
2002,CD,0.5915
2003,CD,0.5915
2004,CD,0.5915
2005,CD,0.5913
2006,CD,0.5911000000000001
2007,CD,0.5908
2008,CD,0.5906
2009,CD,0.5904
2010,CD,0.5902000000000001
2011,CD,0.5900000000000001
2012,CD,0.5898
2013,CD,0.5943
2014,CD,0.5987
2015,CD,0.6031000000000001
2016,CD,0.6076
2017,CD,0.612
2018,CD,0.6165
2019,CD,0.6209
2020,CD,0.6254000000000001
2021,CD,0.6254000000000001
2022,CD,0.6254000000000001
2023,CD,0.6254000000000001
1980,CF,0.7426
1981,CF,0.7426
1982,CF,0.7426
1983,CF,0.7426
1984,CF,0.7426
1985,CF,0.7426
1986,CF,0.7426
1987,CF,0.7426
1988,CF,0.7426
1989,CF,0.7426
1990,CF,0.7426
1991,CF,0.7426
1992,CF,0.7426
1993,CF,0.7415
1994,CF,0.7405
1995,CF,0.7395
1996,CF,0.7384000000000001
1997,CF,0.7374
1998,CF,0.7364
1999,CF,0.7354
2000,CF,0.7343000000000001
2001,CF,0.7333000000000001
2002,CF,0.7323000000000001
2003,CF,0.7312000000000001
2004,CF,0.7302000000000001
2005,CF,0.7292000000000001
2006,CF,0.7282000000000001
2007,CF,0.7272000000000001
2008,CF,0.7261000000000001
2009,CF,0.7165
2010,CF,0.7070000000000001
2011,CF,0.6974
2012,CF,0.6878000000000001
2013,CF,0.6782
2014,CF,0.6686000000000001
2015,CF,0.659
2016,CF,0.6495000000000001
2017,CF,0.6399
2018,CF,0.6303000000000001
2019,CF,0.6207
2020,CF,0.6111
2021,CF,0.6016
2022,CF,0.6016
2023,CF,0.6016
1980,CG,0.6411
1981,CG,0.6411
1982,CG,0.6411
1983,CG,0.6411
1984,CG,0.6411
1985,CG,0.6411
1986,CG,0.6411
1987,CG,0.6411
1988,CG,0.6411
1989,CG,0.6411
1990,CG,0.6411
1991,CG,0.6411
1992,CG,0.6411
1993,CG,0.6411
1994,CG,0.6411
1995,CG,0.6411
1996,CG,0.6411
1997,CG,0.6411
1998,CG,0.6411
1999,CG,0.6411
2000,CG,0.6411
2001,CG,0.6411
2002,CG,0.6411
2003,CG,0.6411
2004,CG,0.6411
2005,CG,0.6411
2006,CG,0.6435000000000001
2007,CG,0.6458
2008,CG,0.6482
2009,CG,0.6505000000000001
2010,CG,0.6529
2011,CG,0.6553
2012,CG,0.6553
2013,CG,0.6553
2014,CG,0.6553
2015,CG,0.6553
2016,CG,0.6553
2017,CG,0.6553
2018,CG,0.6553
2019,CG,0.6553
2020,CG,0.6553
2021,CG,0.6553
2022,CG,0.6553
2023,CG,0.6553
1980,CH,0.4036
1981,CH,0.404
1982,CH,0.405
1983,CH,0.4071
1984,CH,0.4086
1985,CH,0.3871
1986,CH,0.4107
1987,CH,0.4101
1988,CH,0.4067
1989,CH,0.4054
1990,CH,0.4027
1991,CH,0.3963
1992,CH,0.3902
1993,CH,0.3924
1994,CH,0.391
1995,CH,0.3634
1996,CH,0.3802
1997,CH,0.4098
1998,CH,0.4134
1999,CH,0.4067
2000,CH,0.4116
2001,CH,0.3795
2002,CH,0.396
2003,CH,0.4145
2004,CH,0.4184
2005,CH,0.4303
2006,CH,0.4055
2007,CH,0.3919
2008,CH,0.4066
2009,CH,0.3771
2010,CH,0.3962
2011,CH,0.3967
2012,CH,0.3902
2013,CH,0.392
2014,CH,0.4173
2015,CH,0.391
2016,CH,0.4157
2017,CH,0.4135
2018,CH,0.4044
2019,CH,0.4035
2020,CH,0.4029
2021,CH,0.4029
2022,CH,0.4029
2023,CH,0.4029
1980,CI,0.6252
1981,CI,0.6252
1982,CI,0.6252
1983,CI,0.6252
1984,CI,0.6252
1985,CI,0.6252
1986,CI,0.6252
1987,CI,0.6252
1988,CI,0.6252
1989,CI,0.6105
1990,CI,0.5951000000000001
1991,CI,0.5787
1992,CI,0.5612
1993,CI,0.5427000000000001
1994,CI,0.5519000000000001
1995,CI,0.5604
1996,CI,0.5684
1997,CI,0.5759000000000001
1998,CI,0.5829
1999,CI,0.5945
2000,CI,0.607
2001,CI,0.6204000000000001
2002,CI,0.6348
2003,CI,0.6293000000000001
2004,CI,0.6238
2005,CI,0.6183000000000001
2006,CI,0.6127
2007,CI,0.6072000000000001
2008,CI,0.6016
2009,CI,0.5995
2010,CI,0.5975
2011,CI,0.5957
2012,CI,0.5939
2013,CI,0.5922000000000001
2014,CI,0.5906
2015,CI,0.5906
2016,CI,0.5906
2017,CI,0.5906
2018,CI,0.5906
2019,CI,0.5906
2020,CI,0.5906
2021,CI,0.6252
2022,CI,0.6252
2023,CI,0.6252
1980,CL,0.7245
1981,CL,0.7245
1982,CL,0.7245
1983,CL,0.7245
1984,CL,0.7245
1985,CL,0.7245
1986,CL,0.7245
1987,CL,0.7245
1988,CL,0.7245
1989,CL,0.7245
1990,CL,0.7245
1991,CL,0.7245
1992,CL,0.7245
1993,CL,0.7245
1994,CL,0.7245
1995,CL,0.7245
1996,CL,0.7245
1997,CL,0.7245
1998,CL,0.7245
1999,CL,0.7245
2000,CL,0.7245
2001,CL,0.7176
2002,CL,0.7108
2003,CL,0.7040000000000001
2004,CL,0.7149
2005,CL,0.7259
2006,CL,0.7368
2007,CL,0.7371000000000001
2008,CL,0.7374
2009,CL,0.7377
2010,CL,0.7427
2011,CL,0.7477
2012,CL,0.7391000000000001
2013,CL,0.7305
2014,CL,0.7291000000000001
2015,CL,0.7276
2016,CL,0.7196
2017,CL,0.7116
2018,CL,0.7132000000000001
2019,CL,0.7148
2020,CL,0.7164
2021,CL,0.7022
2022,CL,0.6880000000000001
2023,CL,0.6880000000000001
1980,CM,0.625
1981,CM,0.625
1982,CM,0.625
1983,CM,0.625
1984,CM,0.625
1985,CM,0.625
1986,CM,0.625
1987,CM,0.625
1988,CM,0.625
1989,CM,0.625
1990,CM,0.625
1991,CM,0.625
1992,CM,0.625
1993,CM,0.625
1994,CM,0.625
1995,CM,0.625
1996,CM,0.625
1997,CM,0.6209
1998,CM,0.6167
1999,CM,0.6125
2000,CM,0.6083000000000001
2001,CM,0.6042000000000001
2002,CM,0.6036
2003,CM,0.6031000000000001
2004,CM,0.6026
2005,CM,0.6021000000000001
2006,CM,0.6015
2007,CM,0.601
2008,CM,0.6047
2009,CM,0.6083000000000001
2010,CM,0.612
2011,CM,0.6157
2012,CM,0.6193000000000001
2013,CM,0.623
2014,CM,0.6266
2015,CM,0.6208
2016,CM,0.6149
2017,CM,0.6091
2018,CM,0.6032000000000001
2019,CM,0.5973
2020,CM,0.5915
2021,CM,0.5856
2022,CM,0.5856
2023,CM,0.5856
1980,CN,0.3822
1981,CN,0.387
1982,CN,0.3942
1983,CN,0.3919
1984,CN,0.3969
1985,CN,0.4045
1986,CN,0.4193
1987,CN,0.4232
1988,CN,0.4267
1989,CN,0.4358
1990,CN,0.4323
1991,CN,0.4478
1992,CN,0.4626
1993,CN,0.4776
1994,CN,0.4835
1995,CN,0.4774
1996,CN,0.4713
1997,CN,0.471
1998,CN,0.472
1999,CN,0.4813
2000,CN,0.498
2001,CN,0.5072
2002,CN,0.5346000000000001
2003,CN,0.5428000000000001
2004,CN,0.546
2005,CN,0.5577
2006,CN,0.559
2007,CN,0.562
2008,CN,0.5622
2009,CN,0.5627
2010,CN,0.5665
2011,CN,0.5646
2012,CN,0.5531
2013,CN,0.5621
2014,CN,0.5546
2015,CN,0.5555
2016,CN,0.5497000000000001
2017,CN,0.5574
2018,CN,0.5552
2019,CN,0.5539000000000001
2020,CN,0.5602
2021,CN,0.5613
2022,CN,0.5644
2023,CN,0.5644
1980,CO,0.7422000000000001
1981,CO,0.7422000000000001
1982,CO,0.7422000000000001
1983,CO,0.7422000000000001
1984,CO,0.7422000000000001
1985,CO,0.7422000000000001
1986,CO,0.7422000000000001
1987,CO,0.7422000000000001
1988,CO,0.7422000000000001
1989,CO,0.7422000000000001
1990,CO,0.7422000000000001
1991,CO,0.7422000000000001
1992,CO,0.7422000000000001
1993,CO,0.7422000000000001
1994,CO,0.7422000000000001
1995,CO,0.7422000000000001
1996,CO,0.7422000000000001
1997,CO,0.7422000000000001
1998,CO,0.7422000000000001
1999,CO,0.7422000000000001
2000,CO,0.7422000000000001
2001,CO,0.7422000000000001
2002,CO,0.7422000000000001
2003,CO,0.7157
2004,CO,0.7288
2005,CO,0.7184
2006,CO,0.7208
2007,CO,0.7233
2008,CO,0.7257
2009,CO,0.7130000000000001
2010,CO,0.7124
2011,CO,0.7127
2012,CO,0.6965
2013,CO,0.6987
2014,CO,0.6776
2015,CO,0.6757000000000001
2016,CO,0.6765
2017,CO,0.6976
2018,CO,0.7031000000000001
2019,CO,0.7084
2020,CO,0.7341000000000001
2021,CO,0.7250000000000001
2022,CO,0.7250000000000001
2023,CO,0.7250000000000001
1980,CR,0.662
1981,CR,0.662
1982,CR,0.662
1983,CR,0.662
1984,CR,0.662
1985,CR,0.662
1986,CR,0.662
1987,CR,0.662
1988,CR,0.662
1989,CR,0.662
1990,CR,0.662
1991,CR,0.662
1992,CR,0.662
1993,CR,0.662
1994,CR,0.662
1995,CR,0.662
1996,CR,0.662
1997,CR,0.662
1998,CR,0.662
1999,CR,0.662
2000,CR,0.662
2001,CR,0.662
2002,CR,0.662
2003,CR,0.662
2004,CR,0.662
2005,CR,0.662
2006,CR,0.662
2007,CR,0.662
2008,CR,0.662
2009,CR,0.662
2010,CR,0.662
2011,CR,0.666
2012,CR,0.6683
2013,CR,0.6775
2014,CR,0.6743
2015,CR,0.6801
2016,CR,0.6828000000000001
2017,CR,0.6756
2018,CR,0.6863
2019,CR,0.6969000000000001
2020,CR,0.7286
2021,CR,0.7001000000000001
2022,CR,0.6585000000000001
2023,CR,0.6585000000000001
1980,CU,0.6323000000000001
1981,CU,0.6323000000000001
1982,CU,0.6323000000000001
1983,CU,0.6323000000000001
1984,CU,0.6323000000000001
1985,CU,0.6323000000000001
1986,CU,0.6323000000000001
1987,CU,0.6323000000000001
1988,CU,0.6323000000000001
1989,CU,0.6323000000000001
1990,CU,0.6323000000000001
1991,CU,0.6323000000000001
1992,CU,0.6323000000000001
1993,CU,0.6323000000000001
1994,CU,0.6323000000000001
1995,CU,0.6323000000000001
1996,CU,0.6323000000000001
1997,CU,0.6323000000000001
1998,CU,0.6323000000000001
1999,CU,0.6323000000000001
2000,CU,0.6323000000000001
2001,CU,0.6456000000000001
2002,CU,0.6445000000000001
2003,CU,0.6313000000000001
2004,CU,0.6207
2005,CU,0.6113000000000001
2006,CU,0.6014
2007,CU,0.6205
2008,CU,0.6077
2009,CU,0.5947
2010,CU,0.5952000000000001
2011,CU,0.5698
2012,CU,0.5627
2013,CU,0.5586
2014,CU,0.555
2015,CU,0.5562
2016,CU,0.5576
2017,CU,0.5582
2018,CU,0.5672
2019,CU,0.5725
2020,CU,0.5993
2021,CU,0.5906
2022,CU,0.5751000000000001
2023,CU,0.5751000000000001
1980,CV,0.6902
1981,CV,0.6902
1982,CV,0.6902
1983,CV,0.6902
1984,CV,0.6902
1985,CV,0.6902
1986,CV,0.6902
1987,CV,0.6902
1988,CV,0.6902
1989,CV,0.6902
1990,CV,0.6902
1991,CV,0.6902
1992,CV,0.6902
1993,CV,0.6902
1994,CV,0.6902
1995,CV,0.6902
1996,CV,0.6902
1997,CV,0.6902
1998,CV,0.6902
1999,CV,0.6902
2000,CV,0.6902
2001,CV,0.6902
2002,CV,0.6821
2003,CV,0.6741
2004,CV,0.666
2005,CV,0.6579
2006,CV,0.6498
2007,CV,0.6417
2008,CV,0.6355000000000001
2009,CV,0.6293000000000001
2010,CV,0.623
2011,CV,0.6168
2012,CV,0.6106
2013,CV,0.6044
2014,CV,0.5981000000000001
2015,CV,0.5919
2016,CV,0.5919
2017,CV,0.5919
2018,CV,0.5919
2019,CV,0.5919
2020,CV,0.5919
2021,CV,0.5919
2022,CV,0.5919
2023,CV,0.5919
1980,CY,0.4774
1981,CY,0.4774
1982,CY,0.4774
1983,CY,0.4774
1984,CY,0.4774
1985,CY,0.4774
1986,CY,0.4774
1987,CY,0.4774
1988,CY,0.4774
1989,CY,0.4774
1990,CY,0.4774
1991,CY,0.476
1992,CY,0.4727
1993,CY,0.4714
1994,CY,0.4716
1995,CY,0.4837
1996,CY,0.4763
1997,CY,0.4669
1998,CY,0.4989
1999,CY,0.4641
2000,CY,0.4511
2001,CY,0.4747
2002,CY,0.4778
2003,CY,0.4652
2004,CY,0.4178
2005,CY,0.4243
2006,CY,0.4383
2007,CY,0.4298
2008,CY,0.4427
2009,CY,0.4529
2010,CY,0.4438
2011,CY,0.4822
2012,CY,0.4884
2013,CY,0.5187
2014,CY,0.4949
2015,CY,0.4938
2016,CY,0.4723
2017,CY,0.4575
2018,CY,0.4654
2019,CY,0.456
2020,CY,0.4539
2021,CY,0.44
2022,CY,0.4429
2023,CY,0.4434
1980,CZ,0.212
1981,CZ,0.2106
1982,CZ,0.2093
1983,CZ,0.208
1984,CZ,0.2066
1985,CZ,0.2052
1986,CZ,0.2073
1987,CZ,0.2091
1988,CZ,0.2109
1989,CZ,0.226
1990,CZ,0.2379
1991,CZ,0.2647
1992,CZ,0.2919
1993,CZ,0.3148
1994,CZ,0.3381
1995,CZ,0.3371
1996,CZ,0.3429
1997,CZ,0.3307
1998,CZ,0.3427
1999,CZ,0.3406
2000,CZ,0.374
2001,CZ,0.3773
2002,CZ,0.3701
2003,CZ,0.3758
2004,CZ,0.3486
2005,CZ,0.3473
2006,CZ,0.3557
2007,CZ,0.3519
2008,CZ,0.3593
2009,CZ,0.3441
2010,CZ,0.3463
2011,CZ,0.334
2012,CZ,0.3487
2013,CZ,0.3712
2014,CZ,0.3518
2015,CZ,0.356
2016,CZ,0.3333
2017,CZ,0.335
2018,CZ,0.3315
2019,CZ,0.3336
2020,CZ,0.3286
2021,CZ,0.3286
2022,CZ,0.3286
2023,CZ,0.3286
1980,CW,0.6852
1981,CW,0.6854
1982,CW,0.6857000000000001
1983,CW,0.6859000000000001
1984,CW,0.6861
1985,CW,0.6863
1986,CW,0.6866
1987,CW,0.6868000000000001
1988,CW,0.6871
1989,CW,0.6877
1990,CW,0.6879000000000001
1991,CW,0.6868000000000001
1992,CW,0.6859000000000001
1993,CW,0.6851
1994,CW,0.6842
1995,CW,0.6834
1996,CW,0.6826
1997,CW,0.6818000000000001
1998,CW,0.681
1999,CW,0.6802
2000,CW,0.6794
2001,CW,0.6781
2002,CW,0.6768000000000001
2003,CW,0.6756
2004,CW,0.6745
2005,CW,0.6734
2006,CW,0.6724
2007,CW,0.6714
2008,CW,0.6704
2009,CW,0.6695
2010,CW,0.6687000000000001
2011,CW,0.6601
2012,CW,0.6516000000000001
2013,CW,0.6431
2014,CW,0.6347
2015,CW,0.6264000000000001
2016,CW,0.6182000000000001
2017,CW,0.6099
2018,CW,0.6018
2019,CW,0.5937
2020,CW,0.5868
2021,CW,0.5868
2022,CW,0.5868
2023,CW,0.5868
1980,DE,0.4004
1981,DE,0.3763
1982,DE,0.3726
1983,DE,0.3768
1984,DE,0.3949
1985,DE,0.379
1986,DE,0.4017
1987,DE,0.3897
1988,DE,0.4223
1989,DE,0.4103
1990,DE,0.4332
1991,DE,0.4042
1992,DE,0.4174
1993,DE,0.4118
1994,DE,0.3881
1995,DE,0.4049
1996,DE,0.4147
1997,DE,0.4056
1998,DE,0.4177
1999,DE,0.4289
2000,DE,0.4176
2001,DE,0.4174
2002,DE,0.4227
2003,DE,0.4131
2004,DE,0.4257
2005,DE,0.4513
2006,DE,0.4541
2007,DE,0.4644
2008,DE,0.4631
2009,DE,0.4682
2010,DE,0.464
2011,DE,0.4672
2012,DE,0.4667
2013,DE,0.4846
2014,DE,0.4856
2015,DE,0.4843
2016,DE,0.4803
2017,DE,0.4775
2018,DE,0.4748
2019,DE,0.4722
2020,DE,0.4709
2021,DE,0.4709
2022,DE,0.4709
2023,DE,0.4709
1980,DJ,0.5754
1981,DJ,0.5754
1982,DJ,0.5754
1983,DJ,0.5754
1984,DJ,0.5754
1985,DJ,0.5754
1986,DJ,0.5754
1987,DJ,0.5754
1988,DJ,0.5754
1989,DJ,0.5754
1990,DJ,0.5754
1991,DJ,0.5754
1992,DJ,0.5754
1993,DJ,0.5754
1994,DJ,0.5754
1995,DJ,0.5754
1996,DJ,0.5754
1997,DJ,0.5754
1998,DJ,0.5754
1999,DJ,0.5754
2000,DJ,0.5754
2001,DJ,0.5754
2002,DJ,0.5754
2003,DJ,0.5795
2004,DJ,0.5837
2005,DJ,0.5878
2006,DJ,0.5920000000000001
2007,DJ,0.5961000000000001
2008,DJ,0.6002000000000001
2009,DJ,0.6044
2010,DJ,0.6085
2011,DJ,0.6126
2012,DJ,0.6168
2013,DJ,0.6093000000000001
2014,DJ,0.6042000000000001
2015,DJ,0.5991000000000001
2016,DJ,0.5941000000000001
2017,DJ,0.5890000000000001
2018,DJ,0.5890000000000001
2019,DJ,0.5890000000000001
2020,DJ,0.5890000000000001
2021,DJ,0.5890000000000001
2022,DJ,0.5890000000000001
2023,DJ,0.5890000000000001
1980,DK,0.3734
1981,DK,0.3733
1982,DK,0.3709
1983,DK,0.3787
1984,DK,0.3826
1985,DK,0.3867
1986,DK,0.3766
1987,DK,0.3798
1988,DK,0.3753
1989,DK,0.3778
1990,DK,0.3496
1991,DK,0.3491
1992,DK,0.3484
1993,DK,0.3751
1994,DK,0.3538
1995,DK,0.3837
1996,DK,0.3847
1997,DK,0.3639
1998,DK,0.362
1999,DK,0.3743
2000,DK,0.3782
2001,DK,0.361
2002,DK,0.3879
2003,DK,0.3807
2004,DK,0.3895
2005,DK,0.3701
2006,DK,0.3727
2007,DK,0.3677
2008,DK,0.3769
2009,DK,0.368
2010,DK,0.4151
2011,DK,0.4167
2012,DK,0.4209
2013,DK,0.433
2014,DK,0.4367
2015,DK,0.4312
2016,DK,0.435
2017,DK,0.4359
2018,DK,0.4345
2019,DK,0.4027
2020,DK,0.4139
2021,DK,0.4139
2022,DK,0.4139
2023,DK,0.4139
1980,DO,0.677
1981,DO,0.677
1982,DO,0.677
1983,DO,0.677
1984,DO,0.677
1985,DO,0.677
1986,DO,0.677
1987,DO,0.677
1988,DO,0.677
1989,DO,0.677
1990,DO,0.677
1991,DO,0.677
1992,DO,0.677
1993,DO,0.677
1994,DO,0.677
1995,DO,0.677
1996,DO,0.677
1997,DO,0.677
1998,DO,0.677
1999,DO,0.677
2000,DO,0.677
2001,DO,0.677
2002,DO,0.677
2003,DO,0.677
2004,DO,0.677
2005,DO,0.677
2006,DO,0.677
2007,DO,0.677
2008,DO,0.677
2009,DO,0.677
2010,DO,0.677
2011,DO,0.677
2012,DO,0.677
2013,DO,0.6914
2014,DO,0.6752
2015,DO,0.6792
2016,DO,0.6805
2017,DO,0.6558
2018,DO,0.6719
2019,DO,0.6461
2020,DO,0.6421
2021,DO,0.6257
2022,DO,0.6045
2023,DO,0.6045
1980,DM,0.6852
1981,DM,0.6854
1982,DM,0.6857000000000001
1983,DM,0.6859000000000001
1984,DM,0.6861
1985,DM,0.6863
1986,DM,0.6866
1987,DM,0.6868000000000001
1988,DM,0.6871
1989,DM,0.6877
1990,DM,0.6879000000000001
1991,DM,0.6868000000000001
1992,DM,0.6859000000000001
1993,DM,0.6851
1994,DM,0.6842
1995,DM,0.6834
1996,DM,0.6826
1997,DM,0.6818000000000001
1998,DM,0.681
1999,DM,0.6802
2000,DM,0.6794
2001,DM,0.6781
2002,DM,0.6768000000000001
2003,DM,0.6756
2004,DM,0.6745
2005,DM,0.6734
2006,DM,0.6724
2007,DM,0.6714
2008,DM,0.6704
2009,DM,0.6695
2010,DM,0.6687000000000001
2011,DM,0.6601
2012,DM,0.6516000000000001
2013,DM,0.6431
2014,DM,0.6347
2015,DM,0.6264000000000001
2016,DM,0.6182000000000001
2017,DM,0.6099
2018,DM,0.6018
2019,DM,0.5937
2020,DM,0.5868
2021,DM,0.5868
2022,DM,0.5868
2023,DM,0.5868
1980,DZ,0.5388000000000001
1981,DZ,0.5388000000000001
1982,DZ,0.5388000000000001
1983,DZ,0.5388000000000001
1984,DZ,0.5388000000000001
1985,DZ,0.5388000000000001
1986,DZ,0.5388000000000001
1987,DZ,0.5388000000000001
1988,DZ,0.5388000000000001
1989,DZ,0.5388000000000001
1990,DZ,0.5388000000000001
1991,DZ,0.5388000000000001
1992,DZ,0.5388000000000001
1993,DZ,0.5388000000000001
1994,DZ,0.5388000000000001
1995,DZ,0.5388000000000001
1996,DZ,0.5388000000000001
1997,DZ,0.5388000000000001
1998,DZ,0.5388000000000001
1999,DZ,0.5388000000000001
2000,DZ,0.5388000000000001
2001,DZ,0.5388000000000001
2002,DZ,0.5388000000000001
2003,DZ,0.5388000000000001
2004,DZ,0.5388000000000001
2005,DZ,0.5388000000000001
2006,DZ,0.5388000000000001
2007,DZ,0.5279
2008,DZ,0.5171
2009,DZ,0.5066
2010,DZ,0.4962
2011,DZ,0.486
2012,DZ,0.5136000000000001
2013,DZ,0.5413
2014,DZ,0.5413
2015,DZ,0.5413
2016,DZ,0.5413
2017,DZ,0.5413
2018,DZ,0.5413
2019,DZ,0.5413
2020,DZ,0.5413
2021,DZ,0.5413
2022,DZ,0.5413
2023,DZ,0.5413
1980,EC,0.6697000000000001
1981,EC,0.6697000000000001
1982,EC,0.6697000000000001
1983,EC,0.6697000000000001
1984,EC,0.6697000000000001
1985,EC,0.6697000000000001
1986,EC,0.6697000000000001
1987,EC,0.6697000000000001
1988,EC,0.6697000000000001
1989,EC,0.6697000000000001
1990,EC,0.6697000000000001
1991,EC,0.6697000000000001
1992,EC,0.6697000000000001
1993,EC,0.6697000000000001
1994,EC,0.6697000000000001
1995,EC,0.6697000000000001
1996,EC,0.6697000000000001
1997,EC,0.6697000000000001
1998,EC,0.6697000000000001
1999,EC,0.6697000000000001
2000,EC,0.6697000000000001
2001,EC,0.6697000000000001
2002,EC,0.6633
2003,EC,0.6569
2004,EC,0.6501
2005,EC,0.6433
2006,EC,0.6232
2007,EC,0.6676000000000001
2008,EC,0.6353
2009,EC,0.6291
2010,EC,0.6419
2011,EC,0.6003000000000001
2012,EC,0.6192000000000001
2013,EC,0.5966
2014,EC,0.5752
2015,EC,0.5633
2016,EC,0.5588000000000001
2017,EC,0.5724
2018,EC,0.5884
2019,EC,0.5881000000000001
2020,EC,0.6327
2021,EC,0.6268
2022,EC,0.6066
2023,EC,0.6066
1980,EE,0.356
1981,EE,0.356
1982,EE,0.356
1983,EE,0.356
1984,EE,0.356
1985,EE,0.356
1986,EE,0.356
1987,EE,0.356
1988,EE,0.356
1989,EE,0.3943
1990,EE,0.4385
1991,EE,0.4762
1992,EE,0.4946
1993,EE,0.5171
1994,EE,0.5185000000000001
1995,EE,0.5276000000000001
1996,EE,0.5406000000000001
1997,EE,0.5417000000000001
1998,EE,0.5307000000000001
1999,EE,0.5347000000000001
2000,EE,0.5317000000000001
2001,EE,0.5315
2002,EE,0.5472
2003,EE,0.5652
2004,EE,0.5379
2005,EE,0.5577
2006,EE,0.5288
2007,EE,0.4973
2008,EE,0.4944
2009,EE,0.4658
2010,EE,0.4847
2011,EE,0.4979
2012,EE,0.513
2013,EE,0.5203
2014,EE,0.4989
2015,EE,0.476
2016,EE,0.4836
2017,EE,0.4604
2018,EE,0.4575
2019,EE,0.454
2020,EE,0.4606
2021,EE,0.4606
2022,EE,0.4606
2023,EE,0.4606
1980,EG,0.5098
1981,EG,0.5098
1982,EG,0.5098
1983,EG,0.5098
1984,EG,0.5098
1985,EG,0.5098
1986,EG,0.5098
1987,EG,0.5098
1988,EG,0.5098
1989,EG,0.5098
1990,EG,0.5098
1991,EG,0.507
1992,EG,0.5042
1993,EG,0.5014000000000001
1994,EG,0.4987
1995,EG,0.4961
1996,EG,0.5129
1997,EG,0.5289
1998,EG,0.544
1999,EG,0.5584
2000,EG,0.5573
2001,EG,0.5563
2002,EG,0.5552
2003,EG,0.5542
2004,EG,0.5532
2005,EG,0.5533
2006,EG,0.5534
2007,EG,0.5535
2008,EG,0.5536
2009,EG,0.5419
2010,EG,0.5303
2011,EG,0.5393
2012,EG,0.5482
2013,EG,0.553
2014,EG,0.5576
2015,EG,0.5622
2016,EG,0.5563
2017,EG,0.5507000000000001
2018,EG,0.5511
2019,EG,0.5515
2020,EG,0.5362
2021,EG,0.5362
2022,EG,0.5362
2023,EG,0.5362
1980,ER,0.6483
1981,ER,0.6483
1982,ER,0.6483
1983,ER,0.6483
1984,ER,0.6483
1985,ER,0.6483
1986,ER,0.6483
1987,ER,0.6483
1988,ER,0.6483
1989,ER,0.6483
1990,ER,0.6483
1991,ER,0.6483
1992,ER,0.6483
1993,ER,0.6483
1994,ER,0.6483
1995,ER,0.6483
1996,ER,0.61
1997,ER,0.5717
1998,ER,0.5334
1999,ER,0.4951
2000,ER,0.4958
2001,ER,0.4964
2002,ER,0.497
2003,ER,0.4976
2004,ER,0.4983
2005,ER,0.5025000000000001
2006,ER,0.5066
2007,ER,0.5108
2008,ER,0.515
2009,ER,0.5192
2010,ER,0.5233
2011,ER,0.5257000000000001
2012,ER,0.5282
2013,ER,0.5306000000000001
2014,ER,0.533
2015,ER,0.5354
2016,ER,0.5354
2017,ER,0.5354
2018,ER,0.5354
2019,ER,0.5354
2020,ER,0.5354
2021,ER,0.5354
2022,ER,0.5354
2023,ER,0.5354
1980,ES,0.4632
1981,ES,0.4612
1982,ES,0.4605
1983,ES,0.4607
1984,ES,0.4612
1985,ES,0.4633
1986,ES,0.4752
1987,ES,0.477
1988,ES,0.4804
1989,ES,0.4875
1990,ES,0.4845
1991,ES,0.4784
1992,ES,0.4711
1993,ES,0.4646
1994,ES,0.4719
1995,ES,0.4741
1996,ES,0.4721
1997,ES,0.4603
1998,ES,0.461
1999,ES,0.4631
2000,ES,0.4586
2001,ES,0.4526
2002,ES,0.4553
2003,ES,0.4575
2004,ES,0.4433
2005,ES,0.4384
2006,ES,0.4496
2007,ES,0.4594
2008,ES,0.4479
2009,ES,0.4543
2010,ES,0.4412
2011,ES,0.4411
2012,ES,0.4408
2013,ES,0.4505
2014,ES,0.4523
2015,ES,0.4487
2016,ES,0.4513
2017,ES,0.4406
2018,ES,0.4324
2019,ES,0.4285
2020,ES,0.4285
2021,ES,0.4285
2022,ES,0.4285
2023,ES,0.4285
1980,ET,0.6483
1981,ET,0.6483
1982,ET,0.6483
1983,ET,0.6483
1984,ET,0.6483
1985,ET,0.6483
1986,ET,0.6483
1987,ET,0.6483
1988,ET,0.6483
1989,ET,0.6483
1990,ET,0.6483
1991,ET,0.6483
1992,ET,0.6483
1993,ET,0.6483
1994,ET,0.6483
1995,ET,0.6483
1996,ET,0.61
1997,ET,0.5717
1998,ET,0.5334
1999,ET,0.4951
2000,ET,0.4958
2001,ET,0.4964
2002,ET,0.497
2003,ET,0.4976
2004,ET,0.4983
2005,ET,0.5025000000000001
2006,ET,0.5066
2007,ET,0.5108
2008,ET,0.515
2009,ET,0.5192
2010,ET,0.5233
2011,ET,0.5257000000000001
2012,ET,0.5282
2013,ET,0.5306000000000001
2014,ET,0.533
2015,ET,0.5354
2016,ET,0.5354
2017,ET,0.5354
2018,ET,0.5354
2019,ET,0.5354
2020,ET,0.5354
2021,ET,0.5354
2022,ET,0.5354
2023,ET,0.5354
1980,FI,0.3901
1981,FI,0.3825
1982,FI,0.3813
1983,FI,0.3827
1984,FI,0.3866
1985,FI,0.3836
1986,FI,0.3809
1987,FI,0.3879
1988,FI,0.3617
1989,FI,0.3785
1990,FI,0.3751
1991,FI,0.3609
1992,FI,0.3571
1993,FI,0.362
1994,FI,0.3931
1995,FI,0.3664
1996,FI,0.4045
1997,FI,0.3814
1998,FI,0.4238
1999,FI,0.3927
2000,FI,0.4078
2001,FI,0.3974
2002,FI,0.4274
2003,FI,0.3918
2004,FI,0.401
2005,FI,0.3923
2006,FI,0.4045
2007,FI,0.4025
2008,FI,0.4182
2009,FI,0.4119
2010,FI,0.4189
2011,FI,0.4168
2012,FI,0.4095
2013,FI,0.4068
2014,FI,0.4112
2015,FI,0.4194
2016,FI,0.4161
2017,FI,0.4194
2018,FI,0.418
2019,FI,0.4162
2020,FI,0.4238
2021,FI,0.4238
2022,FI,0.4238
2023,FI,0.4238
1980,FJ,0.4403
1981,FJ,0.4412
1982,FJ,0.4421
1983,FJ,0.443
1984,FJ,0.444
1985,FJ,0.4449
1986,FJ,0.4459
1987,FJ,0.4469
1988,FJ,0.4479
1989,FJ,0.449
1990,FJ,0.45
1991,FJ,0.4515
1992,FJ,0.453
1993,FJ,0.4544
1994,FJ,0.4558
1995,FJ,0.4571
1996,FJ,0.4584
1997,FJ,0.4596
1998,FJ,0.4608
1999,FJ,0.462
2000,FJ,0.4631
2001,FJ,0.4719
2002,FJ,0.4805
2003,FJ,0.489
2004,FJ,0.4972
2005,FJ,0.5052
2006,FJ,0.5131
2007,FJ,0.5207
2008,FJ,0.5282
2009,FJ,0.5356000000000001
2010,FJ,0.5428000000000001
2011,FJ,0.5447000000000001
2012,FJ,0.5466
2013,FJ,0.5483
2014,FJ,0.55
2015,FJ,0.5516
2016,FJ,0.5531
2017,FJ,0.5546
2018,FJ,0.556
2019,FJ,0.5574
2020,FJ,0.5587
2021,FJ,0.5587
2022,FJ,0.5587
2023,FJ,0.5587
1980,FM,0.4403
1981,FM,0.4412
1982,FM,0.4421
1983,FM,0.443
1984,FM,0.444
1985,FM,0.4449
1986,FM,0.4459
1987,FM,0.4469
1988,FM,0.4479
1989,FM,0.449
1990,FM,0.45
1991,FM,0.4515
1992,FM,0.453
1993,FM,0.4544
1994,FM,0.4558
1995,FM,0.4571
1996,FM,0.4584
1997,FM,0.4596
1998,FM,0.4608
1999,FM,0.462
2000,FM,0.4631
2001,FM,0.4719
2002,FM,0.4805
2003,FM,0.489
2004,FM,0.4972
2005,FM,0.5052
2006,FM,0.5131
2007,FM,0.5207
2008,FM,0.5282
2009,FM,0.5356000000000001
2010,FM,0.5428000000000001
2011,FM,0.5447000000000001
2012,FM,0.5466
2013,FM,0.5483
2014,FM,0.55
2015,FM,0.5516
2016,FM,0.5531
2017,FM,0.5546
2018,FM,0.556
2019,FM,0.5574
2020,FM,0.5587
2021,FM,0.5587
2022,FM,0.5587
2023,FM,0.5587
1980,FR,0.4034
1981,FR,0.4
1982,FR,0.3972
1983,FR,0.3977
1984,FR,0.3999
1985,FR,0.3994
1986,FR,0.4039
1987,FR,0.4056
1988,FR,0.4062
1989,FR,0.415
1990,FR,0.4182
1991,FR,0.4201
1992,FR,0.4179
1993,FR,0.4205
1994,FR,0.4252
1995,FR,0.4255
1996,FR,0.4337
1997,FR,0.439
1998,FR,0.4442
1999,FR,0.4426
2000,FR,0.444
2001,FR,0.443
2002,FR,0.4461
2003,FR,0.4504
2004,FR,0.4566
2005,FR,0.4557
2006,FR,0.4524
2007,FR,0.461
2008,FR,0.4645
2009,FR,0.4508
2010,FR,0.4542
2011,FR,0.4525
2012,FR,0.4448
2013,FR,0.4415
2014,FR,0.4404
2015,FR,0.4501
2016,FR,0.4486
2017,FR,0.4504
2018,FR,0.456
2019,FR,0.4532
2020,FR,0.4513
2021,FR,0.4597
2022,FR,0.4564
2023,FR,0.4564
1980,GA,0.5989
1981,GA,0.5989
1982,GA,0.5989
1983,GA,0.5989
1984,GA,0.5989
1985,GA,0.5989
1986,GA,0.5989
1987,GA,0.5989
1988,GA,0.5989
1989,GA,0.5989
1990,GA,0.5989
1991,GA,0.5989
1992,GA,0.5989
1993,GA,0.5989
1994,GA,0.5989
1995,GA,0.5989
1996,GA,0.5989
1997,GA,0.5989
1998,GA,0.5989
1999,GA,0.5989
2000,GA,0.5989
2001,GA,0.5989
2002,GA,0.5989
2003,GA,0.5989
2004,GA,0.5989
2005,GA,0.5989
2006,GA,0.5944
2007,GA,0.5898
2008,GA,0.5852
2009,GA,0.5806
2010,GA,0.5760000000000001
2011,GA,0.5714
2012,GA,0.5669000000000001
2013,GA,0.5623
2014,GA,0.5577
2015,GA,0.5531
2016,GA,0.5485
2017,GA,0.544
2018,GA,0.544
2019,GA,0.544
2020,GA,0.544
2021,GA,0.544
2022,GA,0.544
2023,GA,0.544
1980,GB,0.3926
1981,GB,0.3926
1982,GB,0.3954
1983,GB,0.401
1984,GB,0.4034
1985,GB,0.4103
1986,GB,0.4037
1987,GB,0.4169
1988,GB,0.4239
1989,GB,0.4186
1990,GB,0.459
1991,GB,0.4618
1992,GB,0.4567
1993,GB,0.4438
1994,GB,0.445
1995,GB,0.4517
1996,GB,0.4595
1997,GB,0.4548
1998,GB,0.4624
1999,GB,0.468
2000,GB,0.4803
2001,GB,0.462
2002,GB,0.4596
2003,GB,0.4739
2004,GB,0.4667
2005,GB,0.4782
2006,GB,0.4826
2007,GB,0.4768
2008,GB,0.4724
2009,GB,0.4936
2010,GB,0.4505
2011,GB,0.4728
2012,GB,0.4845
2013,GB,0.4995
2014,GB,0.4794
2015,GB,0.4691
2016,GB,0.4673
2017,GB,0.4659
2018,GB,0.467
2019,GB,0.4649
2020,GB,0.4708
2021,GB,0.4708
2022,GB,0.4708
2023,GB,0.4708
1980,GD,0.6852
1981,GD,0.6854
1982,GD,0.6857000000000001
1983,GD,0.6859000000000001
1984,GD,0.6861
1985,GD,0.6863
1986,GD,0.6866
1987,GD,0.6868000000000001
1988,GD,0.6871
1989,GD,0.6877
1990,GD,0.6879000000000001
1991,GD,0.6868000000000001
1992,GD,0.6859000000000001
1993,GD,0.6851
1994,GD,0.6842
1995,GD,0.6834
1996,GD,0.6826
1997,GD,0.6818000000000001
1998,GD,0.681
1999,GD,0.6802
2000,GD,0.6794
2001,GD,0.6781
2002,GD,0.6768000000000001
2003,GD,0.6756
2004,GD,0.6745
2005,GD,0.6734
2006,GD,0.6724
2007,GD,0.6714
2008,GD,0.6704
2009,GD,0.6695
2010,GD,0.6687000000000001
2011,GD,0.6601
2012,GD,0.6516000000000001
2013,GD,0.6431
2014,GD,0.6347
2015,GD,0.6264000000000001
2016,GD,0.6182000000000001
2017,GD,0.6099
2018,GD,0.6018
2019,GD,0.5937
2020,GD,0.5868
2021,GD,0.5868
2022,GD,0.5868
2023,GD,0.5868
1980,GE,0.3026
1981,GE,0.3009
1982,GE,0.2993
1983,GE,0.2977
1984,GE,0.2961
1985,GE,0.2946
1986,GE,0.2937
1987,GE,0.2929
1988,GE,0.2921
1989,GE,0.2953
1990,GE,0.3092
1991,GE,0.3509
1992,GE,0.3924
1993,GE,0.434
1994,GE,0.4755
1995,GE,0.517
1996,GE,0.5582
1997,GE,0.5807
1998,GE,0.6076
1999,GE,0.5823
2000,GE,0.5840000000000001
2001,GE,0.5812
2002,GE,0.5574
2003,GE,0.5519000000000001
2004,GE,0.5478000000000001
2005,GE,0.5624
2006,GE,0.5612
2007,GE,0.5802
2008,GE,0.5739000000000001
2009,GE,0.5541
2010,GE,0.5652
2011,GE,0.6019
2012,GE,0.5640000000000001
2013,GE,0.6004
2014,GE,0.5617
2015,GE,0.5623
2016,GE,0.5797
2017,GE,0.5874
2018,GE,0.5805
2019,GE,0.5845
2020,GE,0.5845
2021,GE,0.5845
2022,GE,0.5845
2023,GE,0.5845
1980,GG,0.4447
1981,GG,0.4462
1982,GG,0.4474
1983,GG,0.4467
1984,GG,0.4511
1985,GG,0.4558
1986,GG,0.4511
1987,GG,0.4493
1988,GG,0.4446
1989,GG,0.4448
1990,GG,0.4437
1991,GG,0.4412
1992,GG,0.45
1993,GG,0.4578
1994,GG,0.4658
1995,GG,0.463
1996,GG,0.4639
1997,GG,0.4717
1998,GG,0.4714
1999,GG,0.472
2000,GG,0.4786
2001,GG,0.476
2002,GG,0.471
2003,GG,0.4747
2004,GG,0.4829
2005,GG,0.4832
2006,GG,0.4881
2007,GG,0.486
2008,GG,0.4697
2009,GG,0.4627
2010,GG,0.481
2011,GG,0.4817
2012,GG,0.4774
2013,GG,0.4812
2014,GG,0.4848
2015,GG,0.484
2016,GG,0.4836
2017,GG,0.4829
2018,GG,0.4811
2019,GG,0.478
2020,GG,0.4784
2021,GG,0.4829
2022,GG,0.4833
2023,GG,0.4833
1980,GH,0.5616
1981,GH,0.5616
1982,GH,0.5616
1983,GH,0.5616
1984,GH,0.5616
1985,GH,0.5616
1986,GH,0.5616
1987,GH,0.5616
1988,GH,0.5616
1989,GH,0.5616
1990,GH,0.5616
1991,GH,0.5616
1992,GH,0.5621
1993,GH,0.5627
1994,GH,0.5633
1995,GH,0.5639000000000001
1996,GH,0.5644
1997,GH,0.5650000000000001
1998,GH,0.5656
1999,GH,0.5701
2000,GH,0.5746
2001,GH,0.5791000000000001
2002,GH,0.5836
2003,GH,0.5881000000000001
2004,GH,0.5927
2005,GH,0.5972000000000001
2006,GH,0.5961000000000001
2007,GH,0.595
2008,GH,0.5939
2009,GH,0.5928
2010,GH,0.5917
2011,GH,0.5906
2012,GH,0.5895
2013,GH,0.5915
2014,GH,0.5934
2015,GH,0.5953
2016,GH,0.5973
2017,GH,0.5973
2018,GH,0.5973
2019,GH,0.5973
2020,GH,0.5973
2021,GH,0.5973
2022,GH,0.5973
2023,GH,0.5973
1980,GI,0.4447
1981,GI,0.4462
1982,GI,0.4474
1983,GI,0.4467
1984,GI,0.4511
1985,GI,0.4558
1986,GI,0.4511
1987,GI,0.4493
1988,GI,0.4446
1989,GI,0.4448
1990,GI,0.4437
1991,GI,0.4412
1992,GI,0.45
1993,GI,0.4578
1994,GI,0.4658
1995,GI,0.463
1996,GI,0.4639
1997,GI,0.4717
1998,GI,0.4714
1999,GI,0.472
2000,GI,0.4786
2001,GI,0.476
2002,GI,0.471
2003,GI,0.4747
2004,GI,0.4829
2005,GI,0.4832
2006,GI,0.4881
2007,GI,0.486
2008,GI,0.4697
2009,GI,0.4627
2010,GI,0.481
2011,GI,0.4817
2012,GI,0.4774
2013,GI,0.4812
2014,GI,0.4848
2015,GI,0.484
2016,GI,0.4836
2017,GI,0.4829
2018,GI,0.4811
2019,GI,0.478
2020,GI,0.4784
2021,GI,0.4829
2022,GI,0.4833
2023,GI,0.4833
1980,GL,0.4403
1981,GL,0.4412
1982,GL,0.4421
1983,GL,0.443
1984,GL,0.444
1985,GL,0.4449
1986,GL,0.4459
1987,GL,0.4469
1988,GL,0.4479
1989,GL,0.449
1990,GL,0.45
1991,GL,0.4515
1992,GL,0.453
1993,GL,0.4544
1994,GL,0.4558
1995,GL,0.4571
1996,GL,0.4584
1997,GL,0.4596
1998,GL,0.4608
1999,GL,0.462
2000,GL,0.4631
2001,GL,0.4719
2002,GL,0.4805
2003,GL,0.489
2004,GL,0.4972
2005,GL,0.5052
2006,GL,0.5131
2007,GL,0.5207
2008,GL,0.5282
2009,GL,0.5356000000000001
2010,GL,0.5428000000000001
2011,GL,0.5447000000000001
2012,GL,0.5466
2013,GL,0.5483
2014,GL,0.55
2015,GL,0.5516
2016,GL,0.5531
2017,GL,0.5546
2018,GL,0.556
2019,GL,0.5574
2020,GL,0.5587
2021,GL,0.5587
2022,GL,0.5587
2023,GL,0.5587
1980,GM,0.6485000000000001
1981,GM,0.6485000000000001
1982,GM,0.6485000000000001
1983,GM,0.6485000000000001
1984,GM,0.6485000000000001
1985,GM,0.6485000000000001
1986,GM,0.6485000000000001
1987,GM,0.6485000000000001
1988,GM,0.6485000000000001
1989,GM,0.6485000000000001
1990,GM,0.6485000000000001
1991,GM,0.6485000000000001
1992,GM,0.6485000000000001
1993,GM,0.6485000000000001
1994,GM,0.6485000000000001
1995,GM,0.6485000000000001
1996,GM,0.6485000000000001
1997,GM,0.6485000000000001
1998,GM,0.6485000000000001
1999,GM,0.6471
2000,GM,0.6456000000000001
2001,GM,0.6442
2002,GM,0.6428
2003,GM,0.6413
2004,GM,0.6381
2005,GM,0.635
2006,GM,0.6318
2007,GM,0.6287
2008,GM,0.6255000000000001
2009,GM,0.6223000000000001
2010,GM,0.6192000000000001
2011,GM,0.6041000000000001
2012,GM,0.5890000000000001
2013,GM,0.5739000000000001
2014,GM,0.5588000000000001
2015,GM,0.5437000000000001
2016,GM,0.5486
2017,GM,0.5534
2018,GM,0.5583
2019,GM,0.5631
2020,GM,0.5680000000000001
2021,GM,0.5680000000000001
2022,GM,0.5680000000000001
2023,GM,0.5680000000000001
1980,GN,0.6037
1981,GN,0.6037
1982,GN,0.6037
1983,GN,0.6037
1984,GN,0.6037
1985,GN,0.6037
1986,GN,0.6037
1987,GN,0.6037
1988,GN,0.6037
1989,GN,0.6037
1990,GN,0.6037
1991,GN,0.6037
1992,GN,0.6134000000000001
1993,GN,0.6231
1994,GN,0.6327
1995,GN,0.6297
1996,GN,0.6267
1997,GN,0.6237
1998,GN,0.6207
1999,GN,0.6177
2000,GN,0.6147
2001,GN,0.6117
2002,GN,0.6087
2003,GN,0.6
2004,GN,0.5913
2005,GN,0.5826
2006,GN,0.5739000000000001
2007,GN,0.5652
2008,GN,0.5557
2009,GN,0.5461
2010,GN,0.5366000000000001
2011,GN,0.5271
2012,GN,0.5175000000000001
2013,GN,0.5097
2014,GN,0.5019
2015,GN,0.4941
2016,GN,0.4863
2017,GN,0.4785
2018,GN,0.4707
2019,GN,0.4707
2020,GN,0.4707
2021,GN,0.4707
2022,GN,0.4707
2023,GN,0.4707
1980,GQ,0.617
1981,GQ,0.6172000000000001
1982,GQ,0.6171
1983,GQ,0.6169
1984,GQ,0.617
1985,GQ,0.6171
1986,GQ,0.6171
1987,GQ,0.617
1988,GQ,0.6169
1989,GQ,0.6168
1990,GQ,0.6168
1991,GQ,0.6168
1992,GQ,0.6167
1993,GQ,0.6167
1994,GQ,0.6163000000000001
1995,GQ,0.616
1996,GQ,0.6162000000000001
1997,GQ,0.6159
1998,GQ,0.6154000000000001
1999,GQ,0.6148
2000,GQ,0.6142000000000001
2001,GQ,0.6118
2002,GQ,0.61
2003,GQ,0.6082000000000001
2004,GQ,0.6065
2005,GQ,0.6048
2006,GQ,0.6031000000000001
2007,GQ,0.6013000000000001
2008,GQ,0.6002000000000001
2009,GQ,0.602
2010,GQ,0.6039
2011,GQ,0.6057
2012,GQ,0.6066
2013,GQ,0.6099
2014,GQ,0.6131
2015,GQ,0.615
2016,GQ,0.617
2017,GQ,0.6189
2018,GQ,0.621
2019,GQ,0.622
2020,GQ,0.623
2021,GQ,0.6217
2022,GQ,0.6217
2023,GQ,0.6217
1980,GR,0.4768
1981,GR,0.4921
1982,GR,0.4848
1983,GR,0.4718
1984,GR,0.4678
1985,GR,0.4769
1986,GR,0.4638
1987,GR,0.4591
1988,GR,0.4534
1989,GR,0.4434
1990,GR,0.4515
1991,GR,0.452
1992,GR,0.449
1993,GR,0.4682
1994,GR,0.4996
1995,GR,0.4982
1996,GR,0.5015000000000001
1997,GR,0.5214
1998,GR,0.5294
1999,GR,0.5337000000000001
2000,GR,0.5446
2001,GR,0.5389
2002,GR,0.519
2003,GR,0.4946
2004,GR,0.5031
2005,GR,0.5057
2006,GR,0.4865
2007,GR,0.4756
2008,GR,0.4568
2009,GR,0.4468
2010,GR,0.4668
2011,GR,0.4531
2012,GR,0.4562
2013,GR,0.4614
2014,GR,0.4855
2015,GR,0.4831
2016,GR,0.4699
2017,GR,0.4615
2018,GR,0.4481
2019,GR,0.4441
2020,GR,0.4408
2021,GR,0.4447
2022,GR,0.4632
2023,GR,0.4638
1980,GT,0.6777000000000001
1981,GT,0.6777000000000001
1982,GT,0.6777000000000001
1983,GT,0.6777000000000001
1984,GT,0.6777000000000001
1985,GT,0.6777000000000001
1986,GT,0.6777000000000001
1987,GT,0.6777000000000001
1988,GT,0.6777000000000001
1989,GT,0.6777000000000001
1990,GT,0.6777000000000001
1991,GT,0.6777000000000001
1992,GT,0.6777000000000001
1993,GT,0.6777000000000001
1994,GT,0.6777000000000001
1995,GT,0.6777000000000001
1996,GT,0.6777000000000001
1997,GT,0.6777000000000001
1998,GT,0.6777000000000001
1999,GT,0.6777000000000001
2000,GT,0.6777000000000001
2001,GT,0.687
2002,GT,0.6859000000000001
2003,GT,0.6809000000000001
2004,GT,0.6762
2005,GT,0.6766
2006,GT,0.6723
2007,GT,0.6794
2008,GT,0.6755
2009,GT,0.6676000000000001
2010,GT,0.6661
2011,GT,0.6595000000000001
2012,GT,0.6535000000000001
2013,GT,0.6564
2014,GT,0.6503
2015,GT,0.6494
2016,GT,0.6506000000000001
2017,GT,0.6492
2018,GT,0.6533
2019,GT,0.6493
2020,GT,0.673
2021,GT,0.655
2022,GT,0.6425000000000001
2023,GT,0.6425000000000001
1980,GW,0.6145
1981,GW,0.6145
1982,GW,0.6145
1983,GW,0.6145
1984,GW,0.6145
1985,GW,0.6145
1986,GW,0.6145
1987,GW,0.6145
1988,GW,0.6145
1989,GW,0.6145
1990,GW,0.6145
1991,GW,0.6145
1992,GW,0.6145
1993,GW,0.6145
1994,GW,0.6059
1995,GW,0.5973
1996,GW,0.5888
1997,GW,0.5802
1998,GW,0.5716
1999,GW,0.5630000000000001
2000,GW,0.5544
2001,GW,0.5459
2002,GW,0.5373
2003,GW,0.5369
2004,GW,0.5365
2005,GW,0.536
2006,GW,0.5356000000000001
2007,GW,0.5352
2008,GW,0.5348
2009,GW,0.5344
2010,GW,0.5339
2011,GW,0.5335
2012,GW,0.5331
2013,GW,0.5327000000000001
2014,GW,0.5323
2015,GW,0.5318
2016,GW,0.5314
2017,GW,0.531
2018,GW,0.5306000000000001
2019,GW,0.5248
2020,GW,0.5191
2021,GW,0.5133
2022,GW,0.5133
2023,GW,0.5133
1980,GY,0.6777000000000001
1981,GY,0.6777000000000001
1982,GY,0.6777000000000001
1983,GY,0.6777000000000001
1984,GY,0.6777000000000001
1985,GY,0.6777000000000001
1986,GY,0.6777000000000001
1987,GY,0.6777000000000001
1988,GY,0.6777000000000001
1989,GY,0.6777000000000001
1990,GY,0.6777000000000001
1991,GY,0.6777000000000001
1992,GY,0.6777000000000001
1993,GY,0.6777000000000001
1994,GY,0.6777000000000001
1995,GY,0.6777000000000001
1996,GY,0.6777000000000001
1997,GY,0.6777000000000001
1998,GY,0.6777000000000001
1999,GY,0.6777000000000001
2000,GY,0.6777000000000001
2001,GY,0.687
2002,GY,0.6859000000000001
2003,GY,0.6809000000000001
2004,GY,0.6762
2005,GY,0.6766
2006,GY,0.6723
2007,GY,0.6794
2008,GY,0.6755
2009,GY,0.6676000000000001
2010,GY,0.6661
2011,GY,0.6595000000000001
2012,GY,0.6535000000000001
2013,GY,0.6564
2014,GY,0.6503
2015,GY,0.6494
2016,GY,0.6506000000000001
2017,GY,0.6492
2018,GY,0.6533
2019,GY,0.6493
2020,GY,0.673
2021,GY,0.655
2022,GY,0.6425000000000001
2023,GY,0.6425000000000001
1980,HK,0.4796
1981,HK,0.4796
1982,HK,0.4878
1983,HK,0.4945000000000001
1984,HK,0.5002
1985,HK,0.5053
1986,HK,0.5099
1987,HK,0.5229
1988,HK,0.5317000000000001
1989,HK,0.5381
1990,HK,0.543
1991,HK,0.5468000000000001
1992,HK,0.5415
1993,HK,0.5374
1994,HK,0.534
1995,HK,0.5312
1996,HK,0.5287000000000001
1997,HK,0.5345
1998,HK,0.5401
1999,HK,0.5456
2000,HK,0.5509000000000001
2001,HK,0.5554
2002,HK,0.5675
2003,HK,0.5781000000000001
2004,HK,0.5881000000000001
2005,HK,0.5975
2006,HK,0.6062000000000001
2007,HK,0.6066
2008,HK,0.607
2009,HK,0.6073000000000001
2010,HK,0.6076
2011,HK,0.6079
2012,HK,0.6045
2013,HK,0.6011000000000001
2014,HK,0.5978
2015,HK,0.5947
2016,HK,0.5917
2017,HK,0.5917
2018,HK,0.5917
2019,HK,0.5917
2020,HK,0.5917
2021,HK,0.5917
2022,HK,0.5917
2023,HK,0.5917
1980,HN,0.6777000000000001
1981,HN,0.6777000000000001
1982,HN,0.6777000000000001
1983,HN,0.6777000000000001
1984,HN,0.6777000000000001
1985,HN,0.6777000000000001
1986,HN,0.6777000000000001
1987,HN,0.6777000000000001
1988,HN,0.6777000000000001
1989,HN,0.6777000000000001
1990,HN,0.6777000000000001
1991,HN,0.6777000000000001
1992,HN,0.6777000000000001
1993,HN,0.6777000000000001
1994,HN,0.6777000000000001
1995,HN,0.6777000000000001
1996,HN,0.6777000000000001
1997,HN,0.6777000000000001
1998,HN,0.6777000000000001
1999,HN,0.6777000000000001
2000,HN,0.6777000000000001
2001,HN,0.687
2002,HN,0.6859000000000001
2003,HN,0.6809000000000001
2004,HN,0.6762
2005,HN,0.6766
2006,HN,0.6723
2007,HN,0.6794
2008,HN,0.6755
2009,HN,0.6676000000000001
2010,HN,0.6661
2011,HN,0.6595000000000001
2012,HN,0.6535000000000001
2013,HN,0.6564
2014,HN,0.6503
2015,HN,0.6494
2016,HN,0.6506000000000001
2017,HN,0.6492
2018,HN,0.6533
2019,HN,0.6493
2020,HN,0.673
2021,HN,0.655
2022,HN,0.6425000000000001
2023,HN,0.6425000000000001
1980,HR,0.4124
1981,HR,0.4124
1982,HR,0.4124
1983,HR,0.4124
1984,HR,0.4141
1985,HR,0.4159
1986,HR,0.4176
1987,HR,0.3989
1988,HR,0.3986
1989,HR,0.4458
1990,HR,0.4458
1991,HR,0.447
1992,HR,0.4485
1993,HR,0.4501
1994,HR,0.4517
1995,HR,0.4534
1996,HR,0.4552
1997,HR,0.4587
1998,HR,0.4671
1999,HR,0.4791
2000,HR,0.4623
2001,HR,0.457
2002,HR,0.4438
2003,HR,0.4357
2004,HR,0.4435
2005,HR,0.4517
2006,HR,0.4499
2007,HR,0.4606
2008,HR,0.4557
2009,HR,0.4531
2010,HR,0.4538
2011,HR,0.4596
2012,HR,0.4584
2013,HR,0.4519
2014,HR,0.458
2015,HR,0.4564
2016,HR,0.4483
2017,HR,0.4505
2018,HR,0.4516
2019,HR,0.4512
2020,HR,0.4509
2021,HR,0.4509
2022,HR,0.4509
2023,HR,0.4509
1980,HT,0.6777000000000001
1981,HT,0.6777000000000001
1982,HT,0.6777000000000001
1983,HT,0.6777000000000001
1984,HT,0.6777000000000001
1985,HT,0.6777000000000001
1986,HT,0.6777000000000001
1987,HT,0.6777000000000001
1988,HT,0.6777000000000001
1989,HT,0.6777000000000001
1990,HT,0.6777000000000001
1991,HT,0.6777000000000001
1992,HT,0.6777000000000001
1993,HT,0.6777000000000001
1994,HT,0.6777000000000001
1995,HT,0.6777000000000001
1996,HT,0.6777000000000001
1997,HT,0.6777000000000001
1998,HT,0.6777000000000001
1999,HT,0.6777000000000001
2000,HT,0.6777000000000001
2001,HT,0.687
2002,HT,0.6859000000000001
2003,HT,0.6809000000000001
2004,HT,0.6762
2005,HT,0.6766
2006,HT,0.6723
2007,HT,0.6794
2008,HT,0.6755
2009,HT,0.6676000000000001
2010,HT,0.6661
2011,HT,0.6595000000000001
2012,HT,0.6535000000000001
2013,HT,0.6564
2014,HT,0.6503
2015,HT,0.6494
2016,HT,0.6506000000000001
2017,HT,0.6492
2018,HT,0.6533
2019,HT,0.6493
2020,HT,0.673
2021,HT,0.655
2022,HT,0.6425000000000001
2023,HT,0.6425000000000001
1980,HU,0.1813
1981,HU,0.1762
1982,HU,0.171
1983,HU,0.1485
1984,HU,0.1248
1985,HU,0.1291
1986,HU,0.1334
1987,HU,0.1521
1988,HU,0.1715
1989,HU,0.2695
1990,HU,0.2955
1991,HU,0.3212
1992,HU,0.3461
1993,HU,0.3475
1994,HU,0.3589
1995,HU,0.3378
1996,HU,0.3061
1997,HU,0.3283
1998,HU,0.3161
1999,HU,0.351
2000,HU,0.3452
2001,HU,0.3668
2002,HU,0.3882
2003,HU,0.3912
2004,HU,0.3797
2005,HU,0.3965
2006,HU,0.4117
2007,HU,0.4238
2008,HU,0.4121
2009,HU,0.4155
2010,HU,0.4273
2011,HU,0.4207
2012,HU,0.4132
2013,HU,0.426
2014,HU,0.4244
2015,HU,0.4253
2016,HU,0.4226
2017,HU,0.4228
2018,HU,0.4267
2019,HU,0.4278
2020,HU,0.4255
2021,HU,0.4255
2022,HU,0.4255
2023,HU,0.4255
1980,ID,0.5041
1981,ID,0.5041
1982,ID,0.5041
1983,ID,0.5041
1984,ID,0.5041
1985,ID,0.5156000000000001
1986,ID,0.5261
1987,ID,0.5357000000000001
1988,ID,0.5391
1989,ID,0.5421
1990,ID,0.5447000000000001
1991,ID,0.5498000000000001
1992,ID,0.5541
1993,ID,0.5577
1994,ID,0.5666
1995,ID,0.5735
1996,ID,0.5788
1997,ID,0.5306000000000001
1998,ID,0.478
1999,ID,0.4699
2000,ID,0.472
2001,ID,0.4831
2002,ID,0.4846
2003,ID,0.4859
2004,ID,0.5025000000000001
2005,ID,0.5141
2006,ID,0.5037
2007,ID,0.514
2008,ID,0.5649000000000001
2009,ID,0.5769000000000001
2010,ID,0.5277000000000001
2011,ID,0.5429
2012,ID,0.5338
2013,ID,0.5256000000000001
2014,ID,0.5258
2015,ID,0.5396000000000001
2016,ID,0.5264
2017,ID,0.5185000000000001
2018,ID,0.5784
2019,ID,0.5784
2020,ID,0.5784
2021,ID,0.5784
2022,ID,0.5784
2023,ID,0.5784
1980,IE,0.3968
1981,IE,0.3918
1982,IE,0.4102
1983,IE,0.418
1984,IE,0.4011
1985,IE,0.4003
1986,IE,0.3985
1987,IE,0.3994
1988,IE,0.3896
1989,IE,0.3907
1990,IE,0.3943
1991,IE,0.4084
1992,IE,0.4187
1993,IE,0.4116
1994,IE,0.4269
1995,IE,0.4237
1996,IE,0.3953
1997,IE,0.4095
1998,IE,0.4303
1999,IE,0.4486
2000,IE,0.4619
2001,IE,0.4344
2002,IE,0.43
2003,IE,0.4384
2004,IE,0.4444
2005,IE,0.4456
2006,IE,0.454
2007,IE,0.456
2008,IE,0.4268
2009,IE,0.4144
2010,IE,0.4224
2011,IE,0.4296
2012,IE,0.4423
2013,IE,0.4379
2014,IE,0.4631
2015,IE,0.4595
2016,IE,0.4492
2017,IE,0.4405
2018,IE,0.4419
2019,IE,0.4434
2020,IE,0.4445
2021,IE,0.4445
2022,IE,0.4445
2023,IE,0.4445
1980,IL,0.5724
1981,IL,0.5721
1982,IL,0.5719000000000001
1983,IL,0.5717
1984,IL,0.5714
1985,IL,0.5712
1986,IL,0.5710000000000001
1987,IL,0.5720000000000001
1988,IL,0.5729000000000001
1989,IL,0.5738
1990,IL,0.5746
1991,IL,0.5753
1992,IL,0.5760000000000001
1993,IL,0.5785
1994,IL,0.5808
1995,IL,0.5829
1996,IL,0.5850000000000001
1997,IL,0.5870000000000001
1998,IL,0.5886
1999,IL,0.5901000000000001
2000,IL,0.5917
2001,IL,0.5932000000000001
2002,IL,0.5979
2003,IL,0.6026
2004,IL,0.6072000000000001
2005,IL,0.6116
2006,IL,0.6119
2007,IL,0.6121
2008,IL,0.6129
2009,IL,0.6136
2010,IL,0.6143000000000001
2011,IL,0.6113000000000001
2012,IL,0.6083000000000001
2013,IL,0.5976
2014,IL,0.5877
2015,IL,0.5840000000000001
2016,IL,0.5804
2017,IL,0.5804
2018,IL,0.5804
2019,IL,0.5804
2020,IL,0.5804
2021,IL,0.5804
2022,IL,0.5804
2023,IL,0.5804
1980,IN,0.4064
1981,IN,0.4009
1982,IN,0.3965
1983,IN,0.4405
1984,IN,0.425
1985,IN,0.4369
1986,IN,0.4393
1987,IN,0.4344
1988,IN,0.4418
1989,IN,0.4417
1990,IN,0.4262
1991,IN,0.4304
1992,IN,0.4375
1993,IN,0.4514
1994,IN,0.463
1995,IN,0.463
1996,IN,0.4596
1997,IN,0.4658
1998,IN,0.4697
1999,IN,0.4715
2000,IN,0.4744
2001,IN,0.4841
2002,IN,0.4939
2003,IN,0.5038
2004,IN,0.514
2005,IN,0.5242
2006,IN,0.5346000000000001
2007,IN,0.5453
2008,IN,0.5562
2009,IN,0.5673
2010,IN,0.5786
2011,IN,0.5928
2012,IN,0.5993
2013,IN,0.6009
2014,IN,0.607
2015,IN,0.6118
2016,IN,0.6228
2017,IN,0.6271
2018,IN,0.6172000000000001
2019,IN,0.612
2020,IN,0.5992000000000001
2021,IN,0.6012000000000001
2022,IN,0.6089
2023,IN,0.6089
1980,IM,0.4447
1981,IM,0.4462
1982,IM,0.4474
1983,IM,0.4467
1984,IM,0.4511
1985,IM,0.4558
1986,IM,0.4511
1987,IM,0.4493
1988,IM,0.4446
1989,IM,0.4448
1990,IM,0.4437
1991,IM,0.4412
1992,IM,0.45
1993,IM,0.4578
1994,IM,0.4658
1995,IM,0.463
1996,IM,0.4639
1997,IM,0.4717
1998,IM,0.4714
1999,IM,0.472
2000,IM,0.4786
2001,IM,0.476
2002,IM,0.471
2003,IM,0.4747
2004,IM,0.4829
2005,IM,0.4832
2006,IM,0.4881
2007,IM,0.486
2008,IM,0.4697
2009,IM,0.4627
2010,IM,0.481
2011,IM,0.4817
2012,IM,0.4774
2013,IM,0.4812
2014,IM,0.4848
2015,IM,0.484
2016,IM,0.4836
2017,IM,0.4829
2018,IM,0.4811
2019,IM,0.478
2020,IM,0.4784
2021,IM,0.4829
2022,IM,0.4833
2023,IM,0.4833
1980,IQ,0.6238
1981,IQ,0.6238
1982,IQ,0.6238
1983,IQ,0.6238
1984,IQ,0.6238
1985,IQ,0.6238
1986,IQ,0.6238
1987,IQ,0.6238
1988,IQ,0.6238
1989,IQ,0.6238
1990,IQ,0.6238
1991,IQ,0.6238
1992,IQ,0.6238
1993,IQ,0.6238
1994,IQ,0.6238
1995,IQ,0.6238
1996,IQ,0.6238
1997,IQ,0.6238
1998,IQ,0.6238
1999,IQ,0.6238
2000,IQ,0.6238
2001,IQ,0.6238
2002,IQ,0.6238
2003,IQ,0.6238
2004,IQ,0.6238
2005,IQ,0.6238
2006,IQ,0.6238
2007,IQ,0.6238
2008,IQ,0.6195
2009,IQ,0.6155
2010,IQ,0.6118
2011,IQ,0.6083000000000001
2012,IQ,0.5969
2013,IQ,0.5448000000000001
2014,IQ,0.5448000000000001
2015,IQ,0.5448000000000001
2016,IQ,0.5448000000000001
2017,IQ,0.5448000000000001
2018,IQ,0.5448000000000001
2019,IQ,0.5448000000000001
2020,IQ,0.5448000000000001
2021,IQ,0.5448000000000001
2022,IQ,0.5448000000000001
2023,IQ,0.5448000000000001
1980,IR,0.6402
1981,IR,0.6402
1982,IR,0.6402
1983,IR,0.6402
1984,IR,0.6402
1985,IR,0.6402
1986,IR,0.6402
1987,IR,0.6312
1988,IR,0.6221
1989,IR,0.6128
1990,IR,0.6034
1991,IR,0.6022000000000001
1992,IR,0.6011000000000001
1993,IR,0.5999
1994,IR,0.5988
1995,IR,0.6022000000000001
1996,IR,0.6057
1997,IR,0.6091
1998,IR,0.6151
1999,IR,0.6321
2000,IR,0.6347
2001,IR,0.6165
2002,IR,0.6176
2003,IR,0.624
2004,IR,0.6234000000000001
2005,IR,0.6191
2006,IR,0.6185
2007,IR,0.6273000000000001
2008,IR,0.5805
2009,IR,0.5842
2010,IR,0.5897
2011,IR,0.5878
2012,IR,0.5856
2013,IR,0.5728
2014,IR,0.5617
2015,IR,0.5656
2016,IR,0.5671
2017,IR,0.5752
2018,IR,0.5884
2019,IR,0.5884
2020,IR,0.5884
2021,IR,0.5884
2022,IR,0.5884
2023,IR,0.5884
1980,IS,0.3907
1981,IS,0.3907
1982,IS,0.3907
1983,IS,0.3907
1984,IS,0.3907
1985,IS,0.3907
1986,IS,0.3907
1987,IS,0.3907
1988,IS,0.3907
1989,IS,0.3907
1990,IS,0.3907
1991,IS,0.3904
1992,IS,0.3909
1993,IS,0.391
1994,IS,0.3909
1995,IS,0.3889
1996,IS,0.3894
1997,IS,0.3906
1998,IS,0.3922
1999,IS,0.394
2000,IS,0.3922
2001,IS,0.4064
2002,IS,0.4108
2003,IS,0.403
2004,IS,0.3898
2005,IS,0.4234
2006,IS,0.4317
2007,IS,0.4553
2008,IS,0.4008
2009,IS,0.3851
2010,IS,0.3501
2011,IS,0.3525
2012,IS,0.3521
2013,IS,0.3697
2014,IS,0.3675
2015,IS,0.3674
2016,IS,0.3624
2017,IS,0.3549
2018,IS,0.3547
2019,IS,0.3547
2020,IS,0.3547
2021,IS,0.349
2022,IS,0.3415
2023,IS,0.3417
1980,IT,0.4268
1981,IT,0.4171
1982,IT,0.4153
1983,IT,0.4136
1984,IT,0.4182
1985,IT,0.4216
1986,IT,0.4289
1987,IT,0.4368
1988,IT,0.4483
1989,IT,0.4517
1990,IT,0.458
1991,IT,0.4531
1992,IT,0.4587
1993,IT,0.4661
1994,IT,0.4729
1995,IT,0.479
1996,IT,0.4847
1997,IT,0.4857
1998,IT,0.4962
1999,IT,0.4938
2000,IT,0.4998
2001,IT,0.5039
2002,IT,0.4991
2003,IT,0.5008
2004,IT,0.5045000000000001
2005,IT,0.4936
2006,IT,0.4952
2007,IT,0.4962
2008,IT,0.4826
2009,IT,0.4834
2010,IT,0.4907
2011,IT,0.4966
2012,IT,0.5024000000000001
2013,IT,0.5059
2014,IT,0.5039
2015,IT,0.4986
2016,IT,0.5098
2017,IT,0.5147
2018,IT,0.5166000000000001
2019,IT,0.5149
2020,IT,0.5128
2021,IT,0.5128
2022,IT,0.5128
2023,IT,0.5128
1980,JM,0.6777000000000001
1981,JM,0.6777000000000001
1982,JM,0.6777000000000001
1983,JM,0.6777000000000001
1984,JM,0.6777000000000001
1985,JM,0.6777000000000001
1986,JM,0.6777000000000001
1987,JM,0.6777000000000001
1988,JM,0.6777000000000001
1989,JM,0.6777000000000001
1990,JM,0.6777000000000001
1991,JM,0.6777000000000001
1992,JM,0.6777000000000001
1993,JM,0.6777000000000001
1994,JM,0.6777000000000001
1995,JM,0.6777000000000001
1996,JM,0.6777000000000001
1997,JM,0.6777000000000001
1998,JM,0.6777000000000001
1999,JM,0.6777000000000001
2000,JM,0.6777000000000001
2001,JM,0.687
2002,JM,0.6859000000000001
2003,JM,0.6809000000000001
2004,JM,0.6762
2005,JM,0.6766
2006,JM,0.6723
2007,JM,0.6794
2008,JM,0.6755
2009,JM,0.6676000000000001
2010,JM,0.6661
2011,JM,0.6595000000000001
2012,JM,0.6535000000000001
2013,JM,0.6564
2014,JM,0.6503
2015,JM,0.6494
2016,JM,0.6506000000000001
2017,JM,0.6492
2018,JM,0.6533
2019,JM,0.6493
2020,JM,0.673
2021,JM,0.655
2022,JM,0.6425000000000001
2023,JM,0.6425000000000001
1980,JO,0.5584
1981,JO,0.5584
1982,JO,0.5584
1983,JO,0.5584
1984,JO,0.5584
1985,JO,0.5584
1986,JO,0.5584
1987,JO,0.5657
1988,JO,0.5739000000000001
1989,JO,0.5830000000000001
1990,JO,0.5934
1991,JO,0.6052000000000001
1992,JO,0.6188
1993,JO,0.6034
1994,JO,0.5876
1995,JO,0.5714
1996,JO,0.5549000000000001
1997,JO,0.5379
1998,JO,0.5462
1999,JO,0.5541
2000,JO,0.5616
2001,JO,0.5687
2002,JO,0.5754
2003,JO,0.5804
2004,JO,0.5851000000000001
2005,JO,0.5895
2006,JO,0.5936
2007,JO,0.5919
2008,JO,0.5903
2009,JO,0.5910000000000001
2010,JO,0.5917
2011,JO,0.5698
2012,JO,0.5656
2013,JO,0.5613
2014,JO,0.5613
2015,JO,0.5613
2016,JO,0.5613
2017,JO,0.5613
2018,JO,0.5613
2019,JO,0.5613
2020,JO,0.5613
2021,JO,0.5613
2022,JO,0.5613
2023,JO,0.5613
1980,JP,0.4478
1981,JP,0.4422
1982,JP,0.4403
1983,JP,0.4438
1984,JP,0.4477
1985,JP,0.4561
1986,JP,0.4632
1987,JP,0.4786
1988,JP,0.4849
1989,JP,0.4907
1990,JP,0.4929
1991,JP,0.4814000000000001
1992,JP,0.4467
1993,JP,0.4523
1994,JP,0.456
1995,JP,0.467
1996,JP,0.478
1997,JP,0.4766
1998,JP,0.4793
1999,JP,0.4854
2000,JP,0.497
2001,JP,0.5079
2002,JP,0.5176000000000001
2003,JP,0.5245000000000001
2004,JP,0.5335
2005,JP,0.5344
2006,JP,0.5351
2007,JP,0.5367000000000001
2008,JP,0.5277000000000001
2009,JP,0.5073
2010,JP,0.5078
2011,JP,0.5054000000000001
2012,JP,0.5065000000000001
2013,JP,0.509
2014,JP,0.5086
2015,JP,0.51
2016,JP,0.5091
2017,JP,0.5086
2018,JP,0.5086
2019,JP,0.5086
2020,JP,0.5086
2021,JP,0.5086
2022,JP,0.5086
2023,JP,0.5086
1980,KI,0.4403
1981,KI,0.4412
1982,KI,0.4421
1983,KI,0.443
1984,KI,0.444
1985,KI,0.4449
1986,KI,0.4459
1987,KI,0.4469
1988,KI,0.4479
1989,KI,0.449
1990,KI,0.45
1991,KI,0.4515
1992,KI,0.453
1993,KI,0.4544
1994,KI,0.4558
1995,KI,0.4571
1996,KI,0.4584
1997,KI,0.4596
1998,KI,0.4608
1999,KI,0.462
2000,KI,0.4631
2001,KI,0.4719
2002,KI,0.4805
2003,KI,0.489
2004,KI,0.4972
2005,KI,0.5052
2006,KI,0.5131
2007,KI,0.5207
2008,KI,0.5282
2009,KI,0.5356000000000001
2010,KI,0.5428000000000001
2011,KI,0.5447000000000001
2012,KI,0.5466
2013,KI,0.5483
2014,KI,0.55
2015,KI,0.5516
2016,KI,0.5531
2017,KI,0.5546
2018,KI,0.556
2019,KI,0.5574
2020,KI,0.5587
2021,KI,0.5587
2022,KI,0.5587
2023,KI,0.5587
1980,KE,0.6063000000000001
1981,KE,0.6063000000000001
1982,KE,0.6063000000000001
1983,KE,0.6063000000000001
1984,KE,0.6063000000000001
1985,KE,0.6063000000000001
1986,KE,0.6063000000000001
1987,KE,0.6063000000000001
1988,KE,0.6063000000000001
1989,KE,0.6063000000000001
1990,KE,0.6063000000000001
1991,KE,0.6063000000000001
1992,KE,0.6063000000000001
1993,KE,0.6063000000000001
1994,KE,0.6063000000000001
1995,KE,0.6136
1996,KE,0.6209
1997,KE,0.6282
1998,KE,0.6296
1999,KE,0.631
2000,KE,0.6325000000000001
2001,KE,0.6339
2002,KE,0.6353
2003,KE,0.6368
2004,KE,0.6382
2005,KE,0.6396000000000001
2006,KE,0.6339
2007,KE,0.6282
2008,KE,0.6225
2009,KE,0.6169
2010,KE,0.6112000000000001
2011,KE,0.6055
2012,KE,0.5998
2013,KE,0.5941000000000001
2014,KE,0.5884
2015,KE,0.5827
2016,KE,0.5743
2017,KE,0.5658000000000001
2018,KE,0.5574
2019,KE,0.549
2020,KE,0.5405
2021,KE,0.5739000000000001
2022,KE,0.5739000000000001
2023,KE,0.5739000000000001
1980,KG,0.3026
1981,KG,0.3009
1982,KG,0.2993
1983,KG,0.2977
1984,KG,0.2961
1985,KG,0.2946
1986,KG,0.2937
1987,KG,0.2929
1988,KG,0.2921
1989,KG,0.2953
1990,KG,0.3092
1991,KG,0.3358
1992,KG,0.3623
1993,KG,0.3889
1994,KG,0.4154
1995,KG,0.4418
1996,KG,0.4683
1997,KG,0.4948
1998,KG,0.5211
1999,KG,0.4874
2000,KG,0.4606
2001,KG,0.4699
2002,KG,0.4701
2003,KG,0.4561
2004,KG,0.5251
2005,KG,0.5135000000000001
2006,KG,0.5388000000000001
2007,KG,0.5015000000000001
2008,KG,0.4909
2009,KG,0.4882
2010,KG,0.4859
2011,KG,0.4578
2012,KG,0.453
2013,KG,0.456
2014,KG,0.4347
2015,KG,0.4598
2016,KG,0.449
2017,KG,0.4671
2018,KG,0.473
2019,KG,0.5029
2020,KG,0.5029
2021,KG,0.5029
2022,KG,0.5029
2023,KG,0.5029
1980,KH,0.6747000000000001
1981,KH,0.6747000000000001
1982,KH,0.6747000000000001
1983,KH,0.6747000000000001
1984,KH,0.6747000000000001
1985,KH,0.6747000000000001
1986,KH,0.6747000000000001
1987,KH,0.6747000000000001
1988,KH,0.6747000000000001
1989,KH,0.6747000000000001
1990,KH,0.6747000000000001
1991,KH,0.6747000000000001
1992,KH,0.6747000000000001
1993,KH,0.6747000000000001
1994,KH,0.6747000000000001
1995,KH,0.6747000000000001
1996,KH,0.6747000000000001
1997,KH,0.6747000000000001
1998,KH,0.6747000000000001
1999,KH,0.6747000000000001
2000,KH,0.6747000000000001
2001,KH,0.6747000000000001
2002,KH,0.6747000000000001
2003,KH,0.6747000000000001
2004,KH,0.6747000000000001
2005,KH,0.6747000000000001
2006,KH,0.6747000000000001
2007,KH,0.6747000000000001
2008,KH,0.6747000000000001
2009,KH,0.6747000000000001
2010,KH,0.6614
2011,KH,0.5770000000000001
2012,KH,0.5650000000000001
2013,KH,0.5764
2014,KH,0.5759000000000001
2015,KH,0.5756
2016,KH,0.5760000000000001
2017,KH,0.5756
2018,KH,0.5748
2019,KH,0.5748
2020,KH,0.5748
2021,KH,0.5748
2022,KH,0.5748
2023,KH,0.5748
1980,KM,0.7295
1981,KM,0.7295
1982,KM,0.7295
1983,KM,0.7295
1984,KM,0.7295
1985,KM,0.7295
1986,KM,0.7295
1987,KM,0.7295
1988,KM,0.7295
1989,KM,0.7295
1990,KM,0.7295
1991,KM,0.7295
1992,KM,0.7295
1993,KM,0.7295
1994,KM,0.7295
1995,KM,0.7295
1996,KM,0.7295
1997,KM,0.7295
1998,KM,0.7295
1999,KM,0.7295
2000,KM,0.7295
2001,KM,0.7295
2002,KM,0.7295
2003,KM,0.7295
2004,KM,0.7295
2005,KM,0.7177
2006,KM,0.7059000000000001
2007,KM,0.6941
2008,KM,0.6824
2009,KM,0.6706000000000001
2010,KM,0.6588
2011,KM,0.647
2012,KM,0.6352
2013,KM,0.6235
2014,KM,0.6117
2015,KM,0.6117
2016,KM,0.6117
2017,KM,0.6117
2018,KM,0.6117
2019,KM,0.6117
2020,KM,0.6117
2021,KM,0.6117
2022,KM,0.6117
2023,KM,0.6117
1980,KN,0.6852
1981,KN,0.6854
1982,KN,0.6857000000000001
1983,KN,0.6859000000000001
1984,KN,0.6861
1985,KN,0.6863
1986,KN,0.6866
1987,KN,0.6868000000000001
1988,KN,0.6871
1989,KN,0.6877
1990,KN,0.6879000000000001
1991,KN,0.6868000000000001
1992,KN,0.6859000000000001
1993,KN,0.6851
1994,KN,0.6842
1995,KN,0.6834
1996,KN,0.6826
1997,KN,0.6818000000000001
1998,KN,0.681
1999,KN,0.6802
2000,KN,0.6794
2001,KN,0.6781
2002,KN,0.6768000000000001
2003,KN,0.6756
2004,KN,0.6745
2005,KN,0.6734
2006,KN,0.6724
2007,KN,0.6714
2008,KN,0.6704
2009,KN,0.6695
2010,KN,0.6687000000000001
2011,KN,0.6601
2012,KN,0.6516000000000001
2013,KN,0.6431
2014,KN,0.6347
2015,KN,0.6264000000000001
2016,KN,0.6182000000000001
2017,KN,0.6099
2018,KN,0.6018
2019,KN,0.5937
2020,KN,0.5868
2021,KN,0.5868
2022,KN,0.5868
2023,KN,0.5868
1980,KP,0.4979
1981,KP,0.4979
1982,KP,0.4979
1983,KP,0.4979
1984,KP,0.4979
1985,KP,0.4979
1986,KP,0.4979
1987,KP,0.4979
1988,KP,0.4979
1989,KP,0.4979
1990,KP,0.4979
1991,KP,0.5056
1992,KP,0.5131
1993,KP,0.5207
1994,KP,0.524
1995,KP,0.5212
1996,KP,0.5181
1997,KP,0.5179
1998,KP,0.5185000000000001
1999,KP,0.5245000000000001
2000,KP,0.5351
2001,KP,0.5415
2002,KP,0.5564
2003,KP,0.5582
2004,KP,0.5585
2005,KP,0.5594
2006,KP,0.5559000000000001
2007,KP,0.5577
2008,KP,0.5585
2009,KP,0.5685
2010,KP,0.5750000000000001
2011,KP,0.5649000000000001
2012,KP,0.5521
2013,KP,0.5542
2014,KP,0.5488000000000001
2015,KP,0.5503
2016,KP,0.5514
2017,KP,0.5514
2018,KP,0.5514
2019,KP,0.5514
2020,KP,0.5514
2021,KP,0.5514
2022,KP,0.5514
2023,KP,0.5514
1980,KR,0.3936
1981,KR,0.3936
1982,KR,0.3936
1983,KR,0.3901
1984,KR,0.3892
1985,KR,0.3842
1986,KR,0.379
1987,KR,0.3736
1988,KR,0.3679
1989,KR,0.3503
1990,KR,0.3426
1991,KR,0.3439
1992,KR,0.3406
1993,KR,0.3319
1994,KR,0.3417
1995,KR,0.3384
1996,KR,0.3626
1997,KR,0.3459
1998,KR,0.3525
1999,KR,0.3624
2000,KR,0.3734
2001,KR,0.3844
2002,KR,0.4007
2003,KR,0.4074
2004,KR,0.4187
2005,KR,0.4298
2006,KR,0.4602
2007,KR,0.4725
2008,KR,0.4786
2009,KR,0.4723
2010,KR,0.4884
2011,KR,0.4826
2012,KR,0.4761
2013,KR,0.4645
2014,KR,0.4681
2015,KR,0.4742
2016,KR,0.4842
2017,KR,0.4958
2018,KR,0.5027
2019,KR,0.4682
2020,KR,0.4671
2021,KR,0.4445
2022,KR,0.4445
2023,KR,0.4445
1980,KS,0.4735
1981,KS,0.4735
1982,KS,0.4735
1983,KS,0.4735
1984,KS,0.4735
1985,KS,0.4735
1986,KS,0.4735
1987,KS,0.4735
1988,KS,0.4735
1989,KS,0.4735
1990,KS,0.4735
1991,KS,0.4735
1992,KS,0.4735
1993,KS,0.4735
1994,KS,0.4735
1995,KS,0.4735
1996,KS,0.4735
1997,KS,0.4735
1998,KS,0.4735
1999,KS,0.4735
2000,KS,0.4735
2001,KS,0.4735
2002,KS,0.4735
2003,KS,0.4735
2004,KS,0.4749
2005,KS,0.4789
2006,KS,0.473
2007,KS,0.4686
2008,KS,0.4802
2009,KS,0.4784
2010,KS,0.4908
2011,KS,0.4672
2012,KS,0.4691
2013,KS,0.4604
2014,KS,0.4661
2015,KS,0.4661
2016,KS,0.4659
2017,KS,0.4739
2018,KS,0.4722
2019,KS,0.4691
2020,KS,0.4668
2021,KS,0.4668
2022,KS,0.4668
2023,KS,0.4668
1980,KW,0.628
1981,KW,0.628
1982,KW,0.628
1983,KW,0.628
1984,KW,0.628
1985,KW,0.628
1986,KW,0.628
1987,KW,0.628
1988,KW,0.628
1989,KW,0.628
1990,KW,0.628
1991,KW,0.628
1992,KW,0.628
1993,KW,0.628
1994,KW,0.628
1995,KW,0.628
1996,KW,0.628
1997,KW,0.628
1998,KW,0.628
1999,KW,0.628
2000,KW,0.628
2001,KW,0.628
2002,KW,0.628
2003,KW,0.628
2004,KW,0.628
2005,KW,0.628
2006,KW,0.628
2007,KW,0.628
2008,KW,0.6271
2009,KW,0.626
2010,KW,0.6248
2011,KW,0.6234000000000001
2012,KW,0.6219
2013,KW,0.6201
2014,KW,0.5115000000000001
2015,KW,0.5115000000000001
2016,KW,0.5115000000000001
2017,KW,0.5115000000000001
2018,KW,0.5115000000000001
2019,KW,0.5115000000000001
2020,KW,0.5115000000000001
2021,KW,0.5115000000000001
2022,KW,0.5115000000000001
2023,KW,0.5115000000000001
1980,KY,0.6852
1981,KY,0.6854
1982,KY,0.6857000000000001
1983,KY,0.6859000000000001
1984,KY,0.6861
1985,KY,0.6863
1986,KY,0.6866
1987,KY,0.6868000000000001
1988,KY,0.6871
1989,KY,0.6877
1990,KY,0.6879000000000001
1991,KY,0.6868000000000001
1992,KY,0.6859000000000001
1993,KY,0.6851
1994,KY,0.6842
1995,KY,0.6834
1996,KY,0.6826
1997,KY,0.6818000000000001
1998,KY,0.681
1999,KY,0.6802
2000,KY,0.6794
2001,KY,0.6781
2002,KY,0.6768000000000001
2003,KY,0.6756
2004,KY,0.6745
2005,KY,0.6734
2006,KY,0.6724
2007,KY,0.6714
2008,KY,0.6704
2009,KY,0.6695
2010,KY,0.6687000000000001
2011,KY,0.6601
2012,KY,0.6516000000000001
2013,KY,0.6431
2014,KY,0.6347
2015,KY,0.6264000000000001
2016,KY,0.6182000000000001
2017,KY,0.6099
2018,KY,0.6018
2019,KY,0.5937
2020,KY,0.5868
2021,KY,0.5868
2022,KY,0.5868
2023,KY,0.5868
1980,KZ,0.3026
1981,KZ,0.3009
1982,KZ,0.2993
1983,KZ,0.2977
1984,KZ,0.2961
1985,KZ,0.2946
1986,KZ,0.2937
1987,KZ,0.2929
1988,KZ,0.2921
1989,KZ,0.2953
1990,KZ,0.3092
1991,KZ,0.3499
1992,KZ,0.3905
1993,KZ,0.4315
1994,KZ,0.4462
1995,KZ,0.4819000000000001
1996,KZ,0.5152
1997,KZ,0.5211
1998,KZ,0.5358
1999,KZ,0.5367000000000001
2000,KZ,0.5408000000000001
2001,KZ,0.5468000000000001
2002,KZ,0.552
2003,KZ,0.5364
2004,KZ,0.4844
2005,KZ,0.5115000000000001
2006,KZ,0.5144000000000001
2007,KZ,0.4932
2008,KZ,0.5005000000000001
2009,KZ,0.515
2010,KZ,0.5077
2011,KZ,0.4816
2012,KZ,0.4865
2013,KZ,0.4839
2014,KZ,0.467
2015,KZ,0.4434
2016,KZ,0.4934
2017,KZ,0.4959
2018,KZ,0.4991
2019,KZ,0.4991
2020,KZ,0.4991
2021,KZ,0.4991
2022,KZ,0.4991
2023,KZ,0.4991
1980,LA,0.5494
1981,LA,0.5494
1982,LA,0.5494
1983,LA,0.5494
1984,LA,0.5494
1985,LA,0.5494
1986,LA,0.5494
1987,LA,0.5494
1988,LA,0.5494
1989,LA,0.5494
1990,LA,0.5494
1991,LA,0.5494
1992,LA,0.5494
1993,LA,0.5522
1994,LA,0.5561
1995,LA,0.5588000000000001
1996,LA,0.5603
1997,LA,0.5623
1998,LA,0.5587
1999,LA,0.5551
2000,LA,0.5569000000000001
2001,LA,0.5565
2002,LA,0.552
2003,LA,0.5524
2004,LA,0.5564
2005,LA,0.5579000000000001
2006,LA,0.5584
2007,LA,0.5601
2008,LA,0.5584
2009,LA,0.5593
2010,LA,0.5582
2011,LA,0.556
2012,LA,0.5527000000000001
2013,LA,0.5581
2014,LA,0.5645
2015,LA,0.5686
2016,LA,0.5730000000000001
2017,LA,0.5762
2018,LA,0.5788
2019,LA,0.5788
2020,LA,0.5788
2021,LA,0.5788
2022,LA,0.5788
2023,LA,0.5788
1980,LB,0.6058
1981,LB,0.6058
1982,LB,0.6058
1983,LB,0.6058
1984,LB,0.6058
1985,LB,0.6058
1986,LB,0.6058
1987,LB,0.6058
1988,LB,0.6058
1989,LB,0.6058
1990,LB,0.6058
1991,LB,0.6058
1992,LB,0.6058
1993,LB,0.6058
1994,LB,0.6058
1995,LB,0.6058
1996,LB,0.6058
1997,LB,0.6058
1998,LB,0.6058
1999,LB,0.6058
2000,LB,0.6058
2001,LB,0.6058
2002,LB,0.6058
2003,LB,0.6058
2004,LB,0.6058
2005,LB,0.6058
2006,LB,0.604
2007,LB,0.6467
2008,LB,0.6483
2009,LB,0.6351
2010,LB,0.6424000000000001
2011,LB,0.6472
2012,LB,0.6527000000000001
2013,LB,0.6466000000000001
2014,LB,0.6448
2015,LB,0.6448
2016,LB,0.6448
2017,LB,0.6448
2018,LB,0.6448
2019,LB,0.6448
2020,LB,0.6448
2021,LB,0.6448
2022,LB,0.6448
2023,LB,0.6448
1980,LC,0.6852
1981,LC,0.6854
1982,LC,0.6857000000000001
1983,LC,0.6859000000000001
1984,LC,0.6861
1985,LC,0.6863
1986,LC,0.6866
1987,LC,0.6868000000000001
1988,LC,0.6871
1989,LC,0.6877
1990,LC,0.6879000000000001
1991,LC,0.6868000000000001
1992,LC,0.6859000000000001
1993,LC,0.6851
1994,LC,0.6842
1995,LC,0.6834
1996,LC,0.6826
1997,LC,0.6818000000000001
1998,LC,0.681
1999,LC,0.6802
2000,LC,0.6794
2001,LC,0.6781
2002,LC,0.6768000000000001
2003,LC,0.6756
2004,LC,0.6745
2005,LC,0.6734
2006,LC,0.6724
2007,LC,0.6714
2008,LC,0.6704
2009,LC,0.6695
2010,LC,0.6687000000000001
2011,LC,0.6601
2012,LC,0.6516000000000001
2013,LC,0.6431
2014,LC,0.6347
2015,LC,0.6264000000000001
2016,LC,0.6182000000000001
2017,LC,0.6099
2018,LC,0.6018
2019,LC,0.5937
2020,LC,0.5868
2021,LC,0.5868
2022,LC,0.5868
2023,LC,0.5868
1980,LI,0.4447
1981,LI,0.4462
1982,LI,0.4474
1983,LI,0.4467
1984,LI,0.4511
1985,LI,0.4558
1986,LI,0.4511
1987,LI,0.4493
1988,LI,0.4446
1989,LI,0.4448
1990,LI,0.4437
1991,LI,0.4412
1992,LI,0.45
1993,LI,0.4578
1994,LI,0.4658
1995,LI,0.463
1996,LI,0.4639
1997,LI,0.4717
1998,LI,0.4714
1999,LI,0.472
2000,LI,0.4786
2001,LI,0.476
2002,LI,0.471
2003,LI,0.4747
2004,LI,0.4829
2005,LI,0.4832
2006,LI,0.4881
2007,LI,0.486
2008,LI,0.4697
2009,LI,0.4627
2010,LI,0.481
2011,LI,0.4817
2012,LI,0.4774
2013,LI,0.4812
2014,LI,0.4848
2015,LI,0.484
2016,LI,0.4836
2017,LI,0.4829
2018,LI,0.4811
2019,LI,0.478
2020,LI,0.4784
2021,LI,0.4829
2022,LI,0.4833
2023,LI,0.4833
1980,LK,0.5058
1981,LK,0.5058
1982,LK,0.5058
1983,LK,0.5058
1984,LK,0.5058
1985,LK,0.5058
1986,LK,0.5088
1987,LK,0.5115000000000001
1988,LK,0.5141
1989,LK,0.5165000000000001
1990,LK,0.5188
1991,LK,0.5228
1992,LK,0.5264
1993,LK,0.5298
1994,LK,0.5328
1995,LK,0.5356000000000001
1996,LK,0.5449
1997,LK,0.5539000000000001
1998,LK,0.5617
1999,LK,0.5707
2000,LK,0.5782
2001,LK,0.5850000000000001
2002,LK,0.5935
2003,LK,0.5919
2004,LK,0.5878
2005,LK,0.5848
2006,LK,0.5831000000000001
2007,LK,0.5739000000000001
2008,LK,0.5574
2009,LK,0.546
2010,LK,0.5589000000000001
2011,LK,0.5619000000000001
2012,LK,0.5665
2013,LK,0.5670000000000001
2014,LK,0.5665
2015,LK,0.5647
2016,LK,0.5654
2017,LK,0.5655
2018,LK,0.5655
2019,LK,0.5655
2020,LK,0.5655
2021,LK,0.5655
2022,LK,0.5655
2023,LK,0.5655
1980,LR,0.5394
1981,LR,0.5394
1982,LR,0.5394
1983,LR,0.5394
1984,LR,0.5394
1985,LR,0.5394
1986,LR,0.5394
1987,LR,0.5394
1988,LR,0.5394
1989,LR,0.5394
1990,LR,0.5394
1991,LR,0.5394
1992,LR,0.5394
1993,LR,0.5394
1994,LR,0.5394
1995,LR,0.5394
1996,LR,0.5394
1997,LR,0.5394
1998,LR,0.5394
1999,LR,0.5394
2000,LR,0.5394
2001,LR,0.5394
2002,LR,0.5394
2003,LR,0.5394
2004,LR,0.5394
2005,LR,0.5394
2006,LR,0.5394
2007,LR,0.5394
2008,LR,0.5352
2009,LR,0.531
2010,LR,0.5268
2011,LR,0.5226000000000001
2012,LR,0.5184
2013,LR,0.5142
2014,LR,0.51
2015,LR,0.5193
2016,LR,0.5286000000000001
2017,LR,0.5286000000000001
2018,LR,0.5286000000000001
2019,LR,0.5286000000000001
2020,LR,0.5286000000000001
2021,LR,0.5286000000000001
2022,LR,0.5286000000000001
2023,LR,0.5286000000000001
1980,LS,0.7089000000000001
1981,LS,0.7089000000000001
1982,LS,0.7089000000000001
1983,LS,0.7089000000000001
1984,LS,0.7089000000000001
1985,LS,0.7089000000000001
1986,LS,0.7089000000000001
1987,LS,0.7143
1988,LS,0.7197
1989,LS,0.7250000000000001
1990,LS,0.7304
1991,LS,0.7357
1992,LS,0.7411
1993,LS,0.7465
1994,LS,0.7518
1995,LS,0.7408
1996,LS,0.7298
1997,LS,0.7187
1998,LS,0.7077
1999,LS,0.6966
2000,LS,0.6856
2001,LS,0.6746
2002,LS,0.6635
2003,LS,0.6598
2004,LS,0.6561
2005,LS,0.6523
2006,LS,0.6486000000000001
2007,LS,0.6449
2008,LS,0.6411
2009,LS,0.6374000000000001
2010,LS,0.6337
2011,LS,0.63
2012,LS,0.6262
2013,LS,0.6225
2014,LS,0.6188
2015,LS,0.615
2016,LS,0.6113000000000001
2017,LS,0.6076
2018,LS,0.6076
2019,LS,0.6076
2020,LS,0.6076
2021,LS,0.6076
2022,LS,0.6076
2023,LS,0.6076
1980,LT,0.362
1981,LT,0.362
1982,LT,0.362
1983,LT,0.362
1984,LT,0.362
1985,LT,0.362
1986,LT,0.362
1987,LT,0.362
1988,LT,0.362
1989,LT,0.347
1990,LT,0.4028
1991,LT,0.4212
1992,LT,0.4413
1993,LT,0.462
1994,LT,0.4814000000000001
1995,LT,0.4814000000000001
1996,LT,0.4873
1997,LT,0.4837
1998,LT,0.4793
1999,LT,0.4763
2000,LT,0.4754
2001,LT,0.4808
2002,LT,0.4828
2003,LT,0.486
2004,LT,0.4869
2005,LT,0.4846
2006,LT,0.4567
2007,LT,0.4773
2008,LT,0.4822
2009,LT,0.4928
2010,LT,0.47
2011,LT,0.4652
2012,LT,0.4815
2013,LT,0.4863
2014,LT,0.5193
2015,LT,0.4901
2016,LT,0.4822
2017,LT,0.4913
2018,LT,0.4773
2019,LT,0.4655
2020,LT,0.4602
2021,LT,0.4602
2022,LT,0.4602
2023,LT,0.4602
1980,LU,0.449
1981,LU,0.449
1982,LU,0.449
1983,LU,0.449
1984,LU,0.449
1985,LU,0.449
1986,LU,0.4277
1987,LU,0.4306
1988,LU,0.4316
1989,LU,0.4335
1990,LU,0.4334
1991,LU,0.4332
1992,LU,0.4549
1993,LU,0.4347
1994,LU,0.4362
1995,LU,0.4416
1996,LU,0.4504
1997,LU,0.4668
1998,LU,0.4845
1999,LU,0.4751
2000,LU,0.4869
2001,LU,0.4808
2002,LU,0.4619
2003,LU,0.4636
2004,LU,0.5017
2005,LU,0.5009
2006,LU,0.493
2007,LU,0.5026
2008,LU,0.4926
2009,LU,0.462
2010,LU,0.456
2011,LU,0.4693
2012,LU,0.4871
2013,LU,0.4764
2014,LU,0.4753
2015,LU,0.4514
2016,LU,0.4653
2017,LU,0.4913
2018,LU,0.4851
2019,LU,0.4727
2020,LU,0.4801
2021,LU,0.4801
2022,LU,0.4801
2023,LU,0.4801
1980,LV,0.4354
1981,LV,0.4354
1982,LV,0.4354
1983,LV,0.4354
1984,LV,0.4354
1985,LV,0.4354
1986,LV,0.4354
1987,LV,0.4354
1988,LV,0.4354
1989,LV,0.4354
1990,LV,0.4354
1991,LV,0.4393
1992,LV,0.4445
1993,LV,0.4506
1994,LV,0.4742
1995,LV,0.4978
1996,LV,0.4938
1997,LV,0.5109
1998,LV,0.5028
1999,LV,0.509
2000,LV,0.5067
2001,LV,0.5029
2002,LV,0.5114000000000001
2003,LV,0.5215000000000001
2004,LV,0.5042
2005,LV,0.5266000000000001
2006,LV,0.4849
2007,LV,0.5132
2008,LV,0.499
2009,LV,0.4985
2010,LV,0.4841
2011,LV,0.4905
2012,LV,0.4953
2013,LV,0.4942
2014,LV,0.4826
2015,LV,0.473
2016,LV,0.4627
2017,LV,0.4768
2018,LV,0.4743
2019,LV,0.4901
2020,LV,0.4685
2021,LV,0.4609
2022,LV,0.4667
2023,LV,0.4659
1980,LY,0.5486
1981,LY,0.5486
1982,LY,0.5487000000000001
1983,LY,0.5488000000000001
1984,LY,0.5489
1985,LY,0.5485
1986,LY,0.5482
1987,LY,0.5478000000000001
1988,LY,0.5473
1989,LY,0.5469
1990,LY,0.5464
1991,LY,0.5466
1992,LY,0.5467000000000001
1993,LY,0.5468000000000001
1994,LY,0.5469
1995,LY,0.547
1996,LY,0.547
1997,LY,0.5471
1998,LY,0.5472
1999,LY,0.5485
2000,LY,0.5499
2001,LY,0.5501
2002,LY,0.5503
2003,LY,0.5505
2004,LY,0.5507000000000001
2005,LY,0.5503
2006,LY,0.5497000000000001
2007,LY,0.5485
2008,LY,0.5474
2009,LY,0.5443
2010,LY,0.5415
2011,LY,0.5369
2012,LY,0.5323
2013,LY,0.5376000000000001
2014,LY,0.5431
2015,LY,0.5484
2016,LY,0.5464
2017,LY,0.5444
2018,LY,0.5459
2019,LY,0.5476
2020,LY,0.5477000000000001
2021,LY,0.5478000000000001
2022,LY,0.5477000000000001
2023,LY,0.5477000000000001
1980,MA,0.5631
1981,MA,0.5631
1982,MA,0.5631
1983,MA,0.5631
1984,MA,0.5631
1985,MA,0.5631
1986,MA,0.5631
1987,MA,0.5631
1988,MA,0.5631
1989,MA,0.5631
1990,MA,0.5631
1991,MA,0.5631
1992,MA,0.5631
1993,MA,0.5631
1994,MA,0.5631
1995,MA,0.5631
1996,MA,0.5631
1997,MA,0.5631
1998,MA,0.5631
1999,MA,0.5631
2000,MA,0.5631
2001,MA,0.5631
2002,MA,0.5631
2003,MA,0.5631
2004,MA,0.5631
2005,MA,0.5631
2006,MA,0.5631
2007,MA,0.5631
2008,MA,0.5631
2009,MA,0.5631
2010,MA,0.5631
2011,MA,0.5631
2012,MA,0.5631
2013,MA,0.5631
2014,MA,0.5631
2015,MA,0.5631
2016,MA,0.5631
2017,MA,0.5631
2018,MA,0.5631
2019,MA,0.5631
2020,MA,0.5631
2021,MA,0.5631
2022,MA,0.5631
2023,MA,0.5631
1980,MC,0.4447
1981,MC,0.4462
1982,MC,0.4474
1983,MC,0.4467
1984,MC,0.4511
1985,MC,0.4558
1986,MC,0.4511
1987,MC,0.4493
1988,MC,0.4446
1989,MC,0.4448
1990,MC,0.4437
1991,MC,0.4412
1992,MC,0.45
1993,MC,0.4578
1994,MC,0.4658
1995,MC,0.463
1996,MC,0.4639
1997,MC,0.4717
1998,MC,0.4714
1999,MC,0.472
2000,MC,0.4786
2001,MC,0.476
2002,MC,0.471
2003,MC,0.4747
2004,MC,0.4829
2005,MC,0.4832
2006,MC,0.4881
2007,MC,0.486
2008,MC,0.4697
2009,MC,0.4627
2010,MC,0.481
2011,MC,0.4817
2012,MC,0.4774
2013,MC,0.4812
2014,MC,0.4848
2015,MC,0.484
2016,MC,0.4836
2017,MC,0.4829
2018,MC,0.4811
2019,MC,0.478
2020,MC,0.4784
2021,MC,0.4829
2022,MC,0.4833
2023,MC,0.4833
1980,MD,0.3618
1981,MD,0.3618
1982,MD,0.3618
1983,MD,0.3618
1984,MD,0.3618
1985,MD,0.3618
1986,MD,0.3618
1987,MD,0.3618
1988,MD,0.3618
1989,MD,0.3861
1990,MD,0.4062
1991,MD,0.4333
1992,MD,0.4583
1993,MD,0.4863
1994,MD,0.4896
1995,MD,0.4908
1996,MD,0.4919
1997,MD,0.4942
1998,MD,0.4984
1999,MD,0.4961
2000,MD,0.4926
2001,MD,0.4954
2002,MD,0.4954
2003,MD,0.4984
2004,MD,0.4978
2005,MD,0.5011
2006,MD,0.5036
2007,MD,0.5041
2008,MD,0.5047
2009,MD,0.5022
2010,MD,0.4962
2011,MD,0.4912
2012,MD,0.4859
2013,MD,0.4817
2014,MD,0.4764
2015,MD,0.4748
2016,MD,0.4672
2017,MD,0.4671
2018,MD,0.4697
2019,MD,0.4701
2020,MD,0.4713
2021,MD,0.4713
2022,MD,0.4713
2023,MD,0.4713
1980,ME,0.4501
1981,ME,0.4502
1982,ME,0.4502
1983,ME,0.4501
1984,ME,0.45
1985,ME,0.45
1986,ME,0.4499
1987,ME,0.4498
1988,ME,0.4498
1989,ME,0.4498
1990,ME,0.4497
1991,ME,0.4516
1992,ME,0.4536
1993,ME,0.4559
1994,ME,0.4583
1995,ME,0.4579
1996,ME,0.458
1997,ME,0.4615
1998,ME,0.4637
1999,ME,0.4601
2000,ME,0.4595
2001,ME,0.46
2002,ME,0.4609
2003,ME,0.4571
2004,ME,0.4585
2005,ME,0.458
2006,ME,0.4604
2007,ME,0.4557
2008,ME,0.4549
2009,ME,0.4604
2010,ME,0.4605
2011,ME,0.4626
2012,ME,0.5033
2013,ME,0.496
2014,ME,0.4924
2015,ME,0.5173
2016,ME,0.5089
2017,ME,0.5101
2018,ME,0.5087
2019,ME,0.506
2020,ME,0.5039
2021,ME,0.5039
2022,ME,0.5039
2023,ME,0.5039
1980,MH,0.4403
1981,MH,0.4412
1982,MH,0.4421
1983,MH,0.443
1984,MH,0.444
1985,MH,0.4449
1986,MH,0.4459
1987,MH,0.4469
1988,MH,0.4479
1989,MH,0.449
1990,MH,0.45
1991,MH,0.4515
1992,MH,0.453
1993,MH,0.4544
1994,MH,0.4558
1995,MH,0.4571
1996,MH,0.4584
1997,MH,0.4596
1998,MH,0.4608
1999,MH,0.462
2000,MH,0.4631
2001,MH,0.4719
2002,MH,0.4805
2003,MH,0.489
2004,MH,0.4972
2005,MH,0.5052
2006,MH,0.5131
2007,MH,0.5207
2008,MH,0.5282
2009,MH,0.5356000000000001
2010,MH,0.5428000000000001
2011,MH,0.5447000000000001
2012,MH,0.5466
2013,MH,0.5483
2014,MH,0.55
2015,MH,0.5516
2016,MH,0.5531
2017,MH,0.5546
2018,MH,0.556
2019,MH,0.5574
2020,MH,0.5587
2021,MH,0.5587
2022,MH,0.5587
2023,MH,0.5587
1980,MG,0.6433
1981,MG,0.6433
1982,MG,0.6433
1983,MG,0.6432
1984,MG,0.6432
1985,MG,0.6431
1986,MG,0.6431
1987,MG,0.6431
1988,MG,0.643
1989,MG,0.643
1990,MG,0.643
1991,MG,0.6429
1992,MG,0.6429
1993,MG,0.6429
1994,MG,0.6242
1995,MG,0.6055
1996,MG,0.5868
1997,MG,0.5681
1998,MG,0.5613
1999,MG,0.5545
2000,MG,0.5957
2001,MG,0.6369
2002,MG,0.6244000000000001
2003,MG,0.612
2004,MG,0.5995
2005,MG,0.5871000000000001
2006,MG,0.5911000000000001
2007,MG,0.5951000000000001
2008,MG,0.5991000000000001
2009,MG,0.6031000000000001
2010,MG,0.6071000000000001
2011,MG,0.6033000000000001
2012,MG,0.5995
2013,MG,0.5995
2014,MG,0.5995
2015,MG,0.5995
2016,MG,0.5995
2017,MG,0.5995
2018,MG,0.5995
2019,MG,0.5995
2020,MG,0.5995
2021,MG,0.5995
2022,MG,0.5995
2023,MG,0.5995
1980,MK,0.4654
1981,MK,0.4654
1982,MK,0.4654
1983,MK,0.4654
1984,MK,0.4653
1985,MK,0.4653
1986,MK,0.4652
1987,MK,0.4651
1988,MK,0.4651
1989,MK,0.4651
1990,MK,0.465
1991,MK,0.4668
1992,MK,0.4687
1993,MK,0.471
1994,MK,0.4734
1995,MK,0.4763
1996,MK,0.4764
1997,MK,0.4764
1998,MK,0.4783
1999,MK,0.4748
2000,MK,0.4698
2001,MK,0.4704
2002,MK,0.4712
2003,MK,0.4706
2004,MK,0.4686
2005,MK,0.4679
2006,MK,0.4676
2007,MK,0.4609
2008,MK,0.4665
2009,MK,0.4676
2010,MK,0.4721
2011,MK,0.4725
2012,MK,0.4652
2013,MK,0.4544
2014,MK,0.4426
2015,MK,0.4474
2016,MK,0.4406
2017,MK,0.4382
2018,MK,0.4242
2019,MK,0.4206
2020,MK,0.4181
2021,MK,0.4181
2022,MK,0.4181
2023,MK,0.4181
1980,ML,0.6719
1981,ML,0.6719
1982,ML,0.6719
1983,ML,0.6719
1984,ML,0.6719
1985,ML,0.6719
1986,ML,0.6719
1987,ML,0.6719
1988,ML,0.6719
1989,ML,0.6719
1990,ML,0.6719
1991,ML,0.6719
1992,ML,0.6719
1993,ML,0.6719
1994,ML,0.6719
1995,ML,0.6574
1996,ML,0.6429
1997,ML,0.6284000000000001
1998,ML,0.6138
1999,ML,0.5993
2000,ML,0.5848
2001,ML,0.5703
2002,ML,0.5689000000000001
2003,ML,0.5676
2004,ML,0.5662
2005,ML,0.5649000000000001
2006,ML,0.5635
2007,ML,0.5445
2008,ML,0.5254
2009,ML,0.5063
2010,ML,0.5099
2011,ML,0.5134000000000001
2012,ML,0.517
2013,ML,0.5205000000000001
2014,ML,0.5241
2015,ML,0.5276000000000001
2016,ML,0.5312
2017,ML,0.5347000000000001
2018,ML,0.5383
2019,ML,0.5382
2020,ML,0.538
2021,ML,0.5379
2022,ML,0.5379
2023,ML,0.5379
1980,MM,0.5969
1981,MM,0.5969
1982,MM,0.5969
1983,MM,0.5969
1984,MM,0.5969
1985,MM,0.5969
1986,MM,0.5969
1987,MM,0.5969
1988,MM,0.5969
1989,MM,0.5969
1990,MM,0.5969
1991,MM,0.5969
1992,MM,0.5969
1993,MM,0.5969
1994,MM,0.5969
1995,MM,0.5969
1996,MM,0.5969
1997,MM,0.5969
1998,MM,0.5969
1999,MM,0.5969
2000,MM,0.5969
2001,MM,0.5969
2002,MM,0.5969
2003,MM,0.5969
2004,MM,0.5969
2005,MM,0.5969
2006,MM,0.5969
2007,MM,0.5969
2008,MM,0.5969
2009,MM,0.5969
2010,MM,0.5969
2011,MM,0.5969
2012,MM,0.5969
2013,MM,0.5969
2014,MM,0.5969
2015,MM,0.5969
2016,MM,0.5567
2017,MM,0.5166000000000001
2018,MM,0.5155000000000001
2019,MM,0.5155000000000001
2020,MM,0.5155000000000001
2021,MM,0.5155000000000001
2022,MM,0.5155000000000001
2023,MM,0.5155000000000001
1980,US,0.454
1981,US,0.4605
1982,US,0.4677
1983,US,0.4803
1984,US,0.4889
1985,US,0.4908
1986,US,0.4923
1987,US,0.5003000000000001
1988,US,0.5145000000000001
1989,US,0.5111
1990,US,0.5126000000000001
1991,US,0.5114000000000001
1992,US,0.5236000000000001
1993,US,0.5211
1994,US,0.5201
1995,US,0.5284
1996,US,0.5356000000000001
1997,US,0.5418000000000001
1998,US,0.5433
1999,US,0.5467000000000001
2000,US,0.5501
2001,US,0.5438000000000001
2002,US,0.5402
2003,US,0.544
2004,US,0.551
2005,US,0.5616
2006,US,0.5678000000000001
2007,US,0.5645
2008,US,0.5624
2009,US,0.557
2010,US,0.5675
2011,US,0.5731
2012,US,0.5840000000000001
2013,US,0.5773
2014,US,0.5841000000000001
2015,US,0.5831000000000001
2016,US,0.5851000000000001
2017,US,0.5805
2018,US,0.5836
2019,US,0.5805
2020,US,0.5739000000000001
2021,US,0.5831000000000001
2022,US,0.5883
2023,US,0.5869
1980,ZA,0.5441
1981,ZA,0.5441
1982,ZA,0.5441
1983,ZA,0.5441
1984,ZA,0.5441
1985,ZA,0.5441
1986,ZA,0.5441
1987,ZA,0.5441
1988,ZA,0.5441
1989,ZA,0.5441
1990,ZA,0.5441
1991,ZA,0.5655
1992,ZA,0.5615
1993,ZA,0.5358
1994,ZA,0.5483
1995,ZA,0.5607
1996,ZA,0.5732
1997,ZA,0.5856
1998,ZA,0.5981000000000001
1999,ZA,0.6106
2000,ZA,0.623
2001,ZA,0.6281
2002,ZA,0.6333000000000001
2003,ZA,0.6387
2004,ZA,0.6335000000000001
2005,ZA,0.6445000000000001
2006,ZA,0.6616000000000001
2007,ZA,0.6883
2008,ZA,0.6738000000000001
2009,ZA,0.6657000000000001
2010,ZA,0.6903
2011,ZA,0.7023
2012,ZA,0.7372000000000001
2013,ZA,0.7379
2014,ZA,0.7386
2015,ZA,0.7386
2016,ZA,0.7386
2017,ZA,0.7386
2018,ZA,0.7386
2019,ZA,0.7386
2020,ZA,0.7386
2021,ZA,0.7386
2022,ZA,0.7386
2023,ZA,0.7386
1980,WO,0.6872879750845513
1981,WO,0.683646410881785
1982,WO,0.6802182805505836
1983,WO,0.6820003908028696
1984,WO,0.6828309963910542
1985,WO,0.6833112851221372
1986,WO,0.6857894188160287
1987,WO,0.6864811989682096
1988,WO,0.6899017334854705
1989,WO,0.692235046510433
1990,WO,0.6959256703631311
1991,WO,0.6967911238218036
1992,WO,0.6999512984770533
1993,WO,0.6990724093135086
1994,WO,0.701405524324521
1995,WO,0.7013249383167306
1996,WO,0.7040961389577305
1997,WO,0.7022930542053842
1998,WO,0.7049737698794658
1999,WO,0.706283054347459
2000,WO,0.7086990839225393
2001,WO,0.7079632987509115
2002,WO,0.7060929955628552
2003,WO,0.7051719124696945
2004,WO,0.7033255255610555
2005,WO,0.7034088461507508
2006,WO,0.70061760207156
2007,WO,0.698030491954313
2008,WO,0.6942995245082386
2009,WO,0.6862619700681449
2010,WO,0.6838698349355781
2011,WO,0.6838371870997833
2012,WO,0.6798616448964907
2013,WO,0.6776844587979269
2014,WO,0.6742285724924812
2015,WO,0.673099131577203
2016,WO,0.6712875650109424
2017,WO,0.6714521658008579
2018,WO,0.6701420813286347
2019,WO,0.6673033041159186
2020,WO,0.6686272163259446
2021,WO,0.6702297377436963
2022,WO,0.6706274869197131
2023,WO,0.6689525106382348